"","Gene"
"1","Scrg1"
"2","Nxph1"
"3","Krt73"
"4","Tmem45a"
"5","Piezo2"
"6","Pax6"
"7","Frmd7"
"8","Luzp2"
"9","Frem1"
"10","Sln"
"11","Tmem176b"
"12","Npsr1"
"13","Clrn1"
"14","Ano3"
"15","Sv2b"
"16","Ptger2"
"17","Col6a3"
"18","Pla2g7"
"19","Synpr"
"20","Gria1"
"21","Dkk3"
"22","Wnt5a"
"23","Gpr6"
"24","Golm1"
"25","Hcrtr2"
"26","Car2"
"27","Rcn1"
"28","Tmem176a"
"29","Enpp2"
"30","Fgfr2"
"31","Wls"
"32","Mylk"
"33","Myh7"
"34","Chn2"
"35","Nmbr"
"36","Fibin"
"37","Fam20a"
"38","Grb14"
"39","Sfrp1"
"40","Pgf"
"41","Bambi"
"42","B3gat2"
"43","Lima1"
"44","Syt7"
"45","Fjx1"
"46","Rapgef5"
"47","Mmp15"
"48","Cux2"
"49","Maml2"
"50","Lmo3"
"51","D030045P18Rik"
"52","Ndst4"
"53","Ndnf"
"54","Prox1"
"55","Fam83d"
"56","Rxfp1"
"57","Apbb1ip"
"58","Agtr2"
"59","Fam19a2"
"60","Nell2"
"61","Tph2"
"62","Tac2"
"63","Sema3e"
"64","Gpr151"
"65","Rasgrp1"
"66","Ptprt"
"67","Ust"
"68","Tgm2"
"69","Cnih3"
"70","Dock10"
"71","Crim1"
"72","Rerg"
"73","Rxrg"
"74","Timp3"
"75","Ptprz1"
"76","Nudt4"
"77","H2-M3"
"78","Ltbp1"
"79","Syndig1"
"80","Col25a1"
"81","LOC102632463"
"82","Baiap2"
"83","Sox5"
"84","Nr2e1"
"85","9430021M05Rik"
"86","4921511H03Rik"
"87","Kcnc2"
"88","Tshz3"
"89","LOC101056001"
"90","Agt"
"91","Krt12"
"92","Trpc4"
"93","Grin3a"
"94","Nbl1"
"95","Rgs20"
"96","Ldoc1"
"97","Hs3st1"
"98","Car10"
"99","Slc30a3"
"100","Ptgfrn"
"101","Gabrd"
"102","Opn3"
"103","Unc5d"
"104","Fbxo32"
"105","Ntn4"
"106","Adamts3"
"107","Foxo1"
"108","Masp1"
"109","Ccdc80"
"110","Tox2"
"111","Csgalnact1"
"112","Cox6a2"
"113","Macrod1"
"114","Cpne4"
"115","Esrrg"
"116","LOC102637409"
"117","Rnd3"
"118","Ptgs1"
"119","Dhrs7"
"120","Myo16"
"121","Ankrd29"
"122","1190002N15Rik"
"123","Clnk"
"124","Htr3a"
"125","Fam19a1"
"126","Ndp"
"127","Popdc3"
"128","Gprin3"
"129","March3"
"130","Kcnf1"
"131","Peg10"
"132","6330403A02Rik"
"133","Tpd52l1"
"134","Kcns2"
"135","Gpc4"
"136","Ldb2"
"137","Egr1"
"138","Prkd1"
"139","LOC105245838"
"140","Nrg1"
"141","Plagl1"
"142","Col14a1"
"143","Dio2"
"144","Vwc2"
"145","Tgfbi"
"146","Kctd12"
"147","Vwa5a"
"148","Coro6"
"149","Lix1"
"150","Adcy2"
"151","Inpp4b"
"152","Arhgef6"
"153","Adamtsl1"
"154","Cbln2"
"155","Tmem255a"
"156","Ntn1"
"157","Tnnt1"
"158","Qrfpr"
"159","Npy2r"
"160","Sv2c"
"161","Rgs4"
"162","Sema6a"
"163","Drd1"
"164","Tox3"
"165","Epha4"
"166","Col26a1"
"167","Car4"
"168","Egfem1"
"169","Slitrk2"
"170","Opcml"
"171","Dusp23"
"172","Arhgap18"
"173","Sp8"
"174","Dpy19l1"
"175","Egln3"
"176","Ptn"
"177","Alcam"
"178","Pcdh7"
"179","Pcdh8"
"180","Chrm3"
"181","Sncaip"
"182","Cpne2"
"183","Pde11a"
"184","Atp6ap1l"
"185","Crispld1"
"186","Egfr"
"187","Chst7"
"188","Ramp3"
"189","Vcan"
"190","Gdf10"
"191","Pdlim5"
"192","Alk"
"193","Grem2"
"194","Dusp10"
"195","Nos1"
"196","Arhgef28"
"197","Cntn6"
"198","Efna5"
"199","Rbm24"
"200","Gucy2g"
"201","Samd5"
"202","Sh3rf1"
"203","Cxcl14"
"204","Npas3"
"205","Pde1a"
"206","Sez6l"
"207","Asic4"
"208","Fstl5"
"209","Htr7"
"210","Cdh9"
"211","Phactr2"
"212","Cacng4"
"213","Enox2"
"214","Cntnap5a"
"215","Ddah1"
"216","Ptpru"
"217","Sdk2"
"218","C1qtnf1"
"219","Slc35d3"
"220","Lsp1"
"221","Fam46a"
"222","Rasl11a"
"223","Mia"
"224","Wif1"
"225","Cort"
"226","Kcnmb2"
"227","Htr1f"
"228","A330070K13Rik"
"229","Arid5a"
"230","Efcab6"
"231","Cd24a"
"232","Tox"
"233","Apod"
"234","Mrap2"
"235","Arhgap6"
"236","Plch2"
"237","Scube1"
"238","Fam198b"
"239","Cited4"
"240","Hspa1b"
"241","Cemip"
"242","Nr2f2"
"243","Necab1"
"244","Tspan12"
"245","Kcnip4"
"246","Fxyd6"
"247","Cd34"
"248","Cacna2d3"
"249","Shisa9"
"250","Parm1"
"251","Chrna4"
"252","Rassf2"
"253","Pvrl3"
"254","LOC102642556"
"255","Chsy3"
"256","Lhx6"
"257","Nkx2-1"
"258","E030019B13Rik"
"259","Pdlim3"
"260","Cdca7"
"261","Mctp2"
"262","Ackr3"
"263","Snai2"
"264","Igfbp2"
"265","Pkib"
"266","Cntnap3"
"267","Ptpre"
"268","Nek7"
"269","Tenm3"
"270","Mpped2"
"271","Ephx4"
"272","Zak"
"273","Plxdc2"
"274","Pou3f2"
"275","Pcdh15"
"276","Gucy1a3"
"277","Galnt9"
"278","Reln"
"279","Grik1"
"280","Ngf"
"281","Pld5"
"282","B4galt6"
"283","Fgf10"
"284","Lin7a"
"285","Lingo2"
"286","Flrt3"
"287","Prex2"
"288","Ncam2"
"289","Fstl1"
"290","Tspan2"
"291","Slc35f2"
"292","Epha6"
"293","Hes7"
"294","B3glct"
"295","Plcl1"
"296","Lmo7"
"297","Serpinf1"
"298","Cxcl5"
"299","Nov"
"300","Fam107a"
"301","Plekhg1"
"302","Mob3b"
"303","Pcp4"
"304","Fam159b"
"305","Slc44a5"
"306","Thbs2"
"307","Cdh12"
"308","St6galnac5"
"309","Ppap2b"
"310","Pde1c"
"311","Shisa8"
"312","Plxna4"
"313","N28178"
"314","Pde5a"
"315","Rasd1"
"316","1700019L22Rik"
"317","Cdh8"
"318","Rtn4rl1"
"319","Phgdh"
"320","LOC105243282"
"321","Dcbld1"
"322","Adra2a"
"323","Rapgef3"
"324","Nwd2"
"325","BC049635"
"326","Tcrb"
"327","Mtus1"
"328","Dap"
"329","LOC102638670"
"330","Fmo1"
"331","Fxyd7"
"332","Me3"
"333","Nos1ap"
"334","Lamp5"
"335","Ifi27"
"336","Epb4.1l4b"
"337","Haus4"
"338","Lrfn5"
"339","Edn3"
"340","Aqp5"
"341","Grpr"
"342","Prok2"
"343","Chrna3"
"344","Vwc2l"
"345","Cenpa"
"346","Cdh6"
"347","Fam163a"
"348","Chrna5"
"349","Pthlh"
"350","Elfn1"
"351","Igsf3"
"352","Zbtb18"
"353","Htr2c"
"354","Stxbp6"
"355","Fam212b"
"356","Grm7"
"357","Serpine2"
"358","Kcns3"
"359","Pbx1"
"360","Gabra5"
"361","Igsf11"
"362","Gda"
"363","Rgs6"
"364","Rimbp2"
"365","Ermn"
"366","P2ry1"
"367","Slc10a4"
"368","Cadps2"
"369","Thsd7a"
"370","Megf10"
"371","Epb4.1l4a"
"372","Gulp1"
"373","Hsd11b1"
"374","Unc5b"
"375","Gldn"
"376","Rspo3"
"377","Nell1"
"378","8030451O07Rik"
"379","H2-K1"
"380","Cldn10"
"381","Pllp"
"382","Nptx2"
"383","Itgb5"
"384","Adamtsl2"
"385","Cplx3"
"386","Rgs17"
"387","Bcl11b"
"388","Srgap3"
"389","Rgs7"
"390","Rgs8"
"391","Il1rapl1"
"392","Dusp14"
"393","Thrsp"
"394","Syce2"
"395","Sp9"
"396","LOC105244517"
"397","Ppp1r1c"
"398","Dennd2d"
"399","Rarres1"
"400","B230216G23Rik"
"401","Syt6"
"402","Ecel1"
"403","Npffr1"
"404","Clic4"
"405","Siglecf"
"406","Hspb1"
"407","Tspan18"
"408","Pdlim2"
"409","Serpina12"
"410","Drd2"
"411","Nxph3"
"412","Tspan2os"
"413","Calb1"
"414","Ngb"
"415","Whrn"
"416","Crtac1"
"417","Bcl11a"
"418","A830018L16Rik"
"419","Ptprm"
"420","Pip5k1b"
"421","Mmp17"
"422","Ak5"
"423","Ociad2"
"424","Lmo2"
"425","Sphkap"
"426","Pex5l"
"427","Crabp1"
"428","Crispld2"
"429","Ppapdc1a"
"430","Col15a1"
"431","Cd63-ps"
"432","Syt10"
"433","Plxdc1"
"434","Plekha2"
"435","Tmem200a"
"436","Cdkn1a"
"437","Creb3l1"
"438","Hpcal1"
"439","Stac2"
"440","Il34"
"441","Cpne8"
"442","Vat1l"
"443","Chml"
"444","Lphn2"
"445","Bglap2"
"446","Fgf1"
"447","Trp53i11"
"448","Trim36"
"449","Pcdh20"
"450","Tns1"
"451","Ppap2c"
"452","Hspb8"
"453","2810468N07Rik"
"454","Adam12"
"455","Cryab"
"456","Cpne7"
"457","Rbfox1"
"458","Marcksl1"
"459","Adcy1"
"460","Pde2a"
"461","Slc29a1"
"462","Cacna1e"
"463","Srgap1"
"464","Fstl4"
"465","Slc17a8"
"466","Nr1h4"
"467","Cyb5r2"
"468","Snx31"
"469","Gas2l3"
"470","Scgn"
"471","Csrp2"
"472","Stbd1"
"473","Syndig1l"
"474","Scml4"
"475","Bmp7"
"476","Pvalb"
"477","Wnt7b"
"478","Cilp2"
"479","Pcdh19"
"480","Kcna5"
"481","Slc22a23"
"482","Abhd11os"
"483","Ezr"
"484","Arhgef26"
"485","Cck"
"486","Etl4"
"487","Fam81a"
"488","Lppr1"
"489","Calb2"
"490","Penk"
"491","Thsd7b"
"492","Grm8"
"493","Trhde"
"494","March1"
"495","Syt17"
"496","Rbp4"
"497","Mir344f"
"498","Ntsr2"
"499","Bmper"
"500","Tmtc4"
"501","Shisa6"
"502","Sdk1"
"503","Grik4"
"504","Npy5r"
"505","Kcnip2"
"506","Itgb8"
"507","Sparcl1"
"508","Elmo1"
"509","Sulf2"
"510","Kcnd2"
"511","Stac"
"512","Mc5r"
"513","Igfbp6"
"514","1810011O10Rik"
"515","Prkd3"
"516","Bcar3"
"517","Nnat"
"518","Ptprk"
"519","AW551984"
"520","LOC102636808"
"521","Cdh20"
"522","Id3"
"523","Prss12"
"524","Nppc"
"525","Svil"
"526","Igfbp5"
"527","Grm1"
"528","Prr16"
"529","Tnfaip8l3"
"530","Id2"
"531","Ramp1"
"532","Vax1"
"533","Cp"
"534","Sostdc1"
"535","Gpc3"
"536","Sall1"
"537","Medag"
"538","Pxdc1"
"539","LOC105245487"
"540","Sema5b"
"541","Wnt7a"
"542","Igfbp4"
"543","Fbln2"
"544","Trpc6"
"545","Cpne6"
"546","Spock1"
"547","Slc5a7"
"548","Tpbg"
"549","Angpt1"
"550","Kcnmb4"
"551","Sox3"
"552","Ostf1"
"553","Cidea"
"554","LOC105247151"
"555","Cited1"
"556","Wnt5b"
"557","Pmepa1"
"558","Nrp1"
"559","Zfp385b"
"560","Chrna7"
"561","Pde3a"
"562","Mab21l1"
"563","Stk32a"
"564","Pou3f4"
"565","Crlf1"
"566","Rnf138rt1"
"567","Nrtn"
"568","Arpp21"
"569","Slc18a3"
"570","Sfrp2"
"571","Rprm"
"572","Calcrl"
"573","Lmo1"
"574","Pnoc"
"575","Ctxn1"
"576","Myl1"
"577","Scn7a"
"578","Has2os"
"579","Ptgds"
"580","Ret"
"581","Hs3st2"
"582","Ano4"
"583","Chat"
"584","Rspo4"
"585","Aebp1"
"586","Rspo1"
"587","St3gal1"
"588","Id4"
"589","Lypd1"
"590","Rasgrf2"
"591","Plcz1"
"592","Ryr3"
"593","Gsx2"
"594","Cbln4"
"595","Oxtr"
"596","Rnf144b"
"597","Igfbp7"
"598","Cdh7"
"599","Col24a1"
"600","Ntm"
"601","Nrsn2"
"602","Klhl40"
"603","Pcdh11x"
"604","Adrb1"
"605","Itih5"
"606","Mybpc1"
"607","Tpm2"
"608","Fibcd1"
"609","Rgma"
"610","Pfkfb3"
"611","Itga4"
"612","Sema3c"
"613","Neto2"
"614","5033421B08Rik"
"615","Kcne4"
"616","Adarb2"
"617","Dlx6os1"
"618","Nfix"
"619","Nfib"
"620","Lrrc4c"
"621","Galntl6"
"622","Kcnq5"
"623","Atp1b2"
"624","Nr2f1"
"625","Vstm2l"
"626","BC030500"
"627","Prmt8"
"628","Sst"
"629","Crhbp"
"630","Chodl"
"631","Sox6"
"632","Tacr1"
"633","Bace2"
"634","Rln1"
"635","Gpr126"
"636","Rbp1"
"637","9330158H04Rik"
"638","Insl6"
"639","P2rx2"
"640","St6galnac2"
"641","Sit1"
"642","Krt18"
"643","Ada"
"644","Gcnt1"
"645","Clic1"
"646","Carhsp1"
"647","LOC105243551"
"648","Gabrg1"
"649","Hcrtr1"
"650","Ifi35"
"651","Lgals1"
"652","Ccdc109b"
"653","Rasgef1b"
"654","Chrm2"
"655","Fndc1"
"656","Cdhr1"
"657","Man1a"
"658","Lypd6b"
"659","Bcam"
"660","Lypd6"
"661","Cnr1"
"662","Slc1a2"
"663","Sorcs3"
"664","Tac1"
"665","Moxd1"
"666","Rxfp3"
"667","Tacr3"
"668","Kctd8"
"669","Klf5"
"670","Fosb"
"671","Dab2"
"672","Tmem132c"
"673","Fam135b"
"674","Eya1"
"675","Pla2g5"
"676","Nxph2"
"677","Nefl"
"678","Tmem44"
"679","St3gal6"
"680","Filip1"
"681","Akr1c18"
"682","Fam150b"
"683","Satb1"
"684","Sema3a"
"685","Rgcc"
"686","Mme"
"687","Zfp536"
"688","Sez6"
"689","Dab1"
"690","Gabra2"
"691","Rprml"
"692","Spon1"
"693","Rassf10"
"694","Timeless"
"695","Prkg2"
"696","C1qtnf7"
"697","Barx2"
"698","Tnni3k"
"699","LOC101055754"
"700","Etv1"
"701","Grik3"
"702","LOC105243425"
"703","Slc27a2"
"704","Erbb4"
"705","Tenm1"
"706","Myh8"
"707","Gpx3"
"708","Cartpt"
"709","Mgat4c"
"710","Gdf7"
"711","AF529169"
"712","Emilin2"
"713","Htr1d"
"714","Amn"
"715","Casz1"
"716","Nog"
"717","Ifit3"
"718","Eya4"
"719","Gpr83"
"720","BC030867"
"721","Ifit1"
"722","Cacna2d2"
"723","Runx1t1"
"724","Pdyn"
"725","Unc13c"
"726","Prokr2"
"727","A930003A15Rik"
"728","Lama4"
"729","Rtp4"
"730","Abtb2"
"731","Pcsk5"
"732","Sh3bgrl"
"733","Gabra4"
"734","Gabrb1"
"735","Prdm1"
"736","Hpse"
"737","4930426D05Rik"
"738","Klhl14"
"739","Npnt"
"740","4930452B06Rik"
"741","Tunar"
"742","1700086L19Rik"
"743","Frmd4b"
"744","LOC102633357"
"745","Col11a1"
"746","Ascl2"
"747","I830012O16Rik"
"748","Baiap3"
"749","Glra3"
"750","Ffar4"
"751","LOC105245003"
"752","Cdc42ep5"
"753","Il1rapl2"
"754","Plcxd3"
"755","Chrna2"
"756","Myh4"
"757","Wnt16"
"758","Stk32b"
"759","Gfra2"
"760","Rgs9"
"761","Fam189a1"
"762","Ptgdr"
"763","Paqr5"
"764","Sbspon"
"765","Efemp1"
"766","Rgs10"
"767","Tacstd2"
"768","9630002D21Rik"
"769","4930500J02Rik"
"770","Grm3"
"771","Myo1b"
"772","Crygs"
"773","Dmrt2"
"774","Tmcc3"
"775","Kcnmb4os2"
"776","Crhr2"
"777","Esm1"
"778","3110035E14Rik"
"779","2610042L04Rik"
"780","Oprk1"
"781","Prkcq"
"782","4930553C11Rik"
"783","Fam114a1"
"784","Mc4r"
"785","Caps2"
"786","Pard3b"
"787","Chrnb3"
"788","C1ql3"
"789","Gxylt2"
"790","Fbln5"
"791","Layn"
"792","B3gat1"
"793","Th"
"794","Nts"
"795","Spp1"
"796","Gabrq"
"797","Glipr1"
"798","Hspb3"
"799","Cmtm8"
"800","Mustn1"
"801","Clec18a"
"802","Rasgrf1"
"803","Dlx1as"
"804","Cplx2"
"805","Rph3a"
"806","Lgi1"
"807","Pth2r"
"808","Il7"
"809","LOC102634900"
"810","Corin"
"811","Tcap"
"812","Slit2"
"813","Tmem100"
"814","Nr4a2"
"815","Myof"
"816","Sag"
"817","Creb3l2"
"818","Lpl"
"819","Ch25h"
"820","Frmpd1"
"821","Gap43"
"822","Igf1"
"823","Adamtsl5"
"824","Lrrc38"
"825","Syt2"
"826","Bcan"
"827","Gpnmb"
"828","Gprc5b"
"829","Rspo2"
"830","Prss23"
"831","Fam129a"
"832","Fzd6"
"833","Pygm"
"834","Adamts8"
"835","Arap2"
"836","Snca"
"837","Tmsb10"
"838","Syt5"
"839","Zcchc12"
"840","Agpat4"
"841","6330403K07Rik"
"842","Acan"
"843","Gng5"
"844","Flt3"
"845","Ostn"
"846","Man1c1"
"847","Dhrs3"
"848","Bag3"
"849","Gpr125"
"850","Mn1"
"851","Gng13"
"852","C1ql1"
"853","Lrrc17"
"854","Plekhd1"
"855","Adamts15"
"856","Gad1"
"857","Slc6a1"
"858","Gad2"
"859","Kcnip1"
"860","Slc32a1"
"861","Maf"
"862","Dlx1"
"863","Nrip3"
"864","Rpp25"
"865","Rbms3"
"866","Dlx5"
"867","Arl4c"
"868","Arx"
"869","Nrn1"
"870","Lingo1"
"871","Slc17a7"
"872","Itpka"
"873","Fst"
"874","Egr3"
"875","Rtn4rl2"
"876","Meis2"
"877","Bdnf"
"878","Baz1a"
"879","Kcnv1"
"880","Otof"
"881","Mas1"
"882","Nefm"
"883","Ptgs2"
"884","9130024F11Rik"
"885","Rrad"
"886","Ptk2b"
"887","Rtn4r"
"888","Ankrd33b"
"889","Neurod2"
"890","Atp2b4"
"891","Satb2"
"892","Kctd4"
"893","LOC102634502"
"894","Grasp"
"895","Tbr1"
"896","Rgs14"
"897","Gpr88"
"898","B230216N24Rik"
"899","Egr4"
"900","Neurod1"
"901","Rasl10a"
"902","Cobl"
"903","Nptx1"
"904","Tesc"
"905","Lhx2"
"906","BC030499"
"907","Wnt4"
"908","A830009L08Rik"
"909","Mdga1"
"910","Neurod6"
"911","Agmat"
"912","Stard8"
"913","Igfn1"
"914","Fhl2"
"915","Cpne9"
"916","Spock3"
"917","Pcp4l1"
"918","Aldh1a3"
"919","Pou3f1"
"920","Capn3"
"921","Zfhx4"
"922","Ppp1r1b"
"923","S100a3"
"924","Slfn2"
"925","Aldh3b1"
"926","S100a6"
"927","Emx2os"
"928","Emx2"
"929","Smoc2"
"930","Ppp1r36"
"931","Dmkn"
"932","Lrg1"
"933","Tmem215"
"934","F2rl2"
"935","LOC105243894"
"936","Ddit4l"
"937","Crym"
"938","Olfr78"
"939","Tnnc1"
"940","Rmst"
"941","Pter"
"942","Klf10"
"943","Adcyap1"
"944","Rorb"
"945","Dkkl1"
"946","Slc17a6"
"947","Adora1"
"948","C030013G03Rik"
"949","Pamr1"
"950","Arc"
"951","Grm2"
"952","Fezf2"
"953","Endou"
"954","BC006965"
"955","Coch"
"956","Plxnd1"
"957","Dtl"
"958","Tgm3"
"959","Chst8"
"960","Myl4"
"961","Batf3"
"962","Arhgap25"
"963","Blnk"
"964","Col6a1"
"965","Pdlim1"
"966","Colq"
"967","Npc1l1"
"968","LOC105244779"
"969","Ovol2"
"970","S100b"
"971","Wfdc18"
"972","Fgf17"
"973","Pstpip1"
"974","4933427G17Rik"
"975","Hgf"
"976","Aldh3b2"
"977","LOC105245815"
"978","Wfdc17"
"979","Susd5"
"980","Cyp26b1"
"981","Hpgd"
"982","B3gnt8"
"983","Spink8"
"984","Aldh1a7"
"985","Cpa6"
"986","Camk2n2"
"987","Rxfp2"
"988","Rcan2"
"989","Gkn1"
"990","Ccdc3"
"991","5330416C01Rik"
"992","Tgfb1"
"993","Prss35"
"994","Sulf1"
"995","Ctsc"
"996","Osr1"
"997","Slc26a4"
"998","Ntn5"
"999","Cd7"
"1000","H2-T23"
"1001","Cckbr"
"1002","Cxx1a"
"1003","LOC105245190"
"1004","Slit3"
"1005","Col23a1"
"1006","Col18a1"
"1007","LOC105246064"
"1008","Tmem163"
"1009","Kcng1"
"1010","A830029E22Rik"
"1011","Krt1"
"1012","Timp2"
"1013","Car3"
"1014","Gtf2a1l"
"1015","Car1"
"1016","LOC105246048"
"1017","Cbln1"
"1018","Casp12"
"1019","Ntng2"
"1020","Nmb"
"1021","Gfra1"
"1022","Ctxn3"
"1023","Car12"
"1024","Trem2"
"1025","Npbwr1"
"1026","BB557941"
"1027","6530402F18Rik"
"1028","Helt"
"1029","Dner"
"1030","Otx1"
"1031","Chrna6"
"1032","2310002F09Rik"
"1033","Fn1"
"1034","Klk9"
"1035","Klk8"
"1036","Vgll3"
"1037","Fam84b"
"1038","Vsig2"
"1039","Grp"
"1040","Lyz2"
"1041","Scml2"
"1042","9930014A18Rik"
"1043","Syt9"
"1044","Wwtr1"
"1045","Erg"
"1046","Tnfaip8"
"1047","Stk17b"
"1048","LOC105245960"
"1049","Sftpc"
"1050","Npr3"
"1051","Fndc5"
"1052","Samd3"
"1053","Depdc7"
"1054","Camk1"
"1055","C1ql2"
"1056","Cxcl12"
"1057","Krt80"
"1058","Slco2a1"
"1059","Sebox"
"1060","Scn4b"
"1061","Pappa2"
"1062","LOC102631735"
"1063","Dppa1"
"1064","Col8a1"
"1065","Diap3"
"1066","Tdo2"
"1067","Amdhd1"
"1068","Neto1"
"1069","Cit"
"1070","Tshz2"
"1071","LOC105244376"
"1072","Trhr"
"1073","Sla2"
"1074","Gpr39"
"1075","Myzap"
"1076","Ctgf"
"1077","Tmem159"
"1078","Stard5"
"1079","Fbln7"
"1080","Lcp1"
"1081","Ccdc88b"
"1082","Amigo2"
"1083","Hs3st4"
"1084","5830416P10Rik"
"1085","LOC102634296"
"1086","Prr13"
"1087","Col12a1"
"1088","Dkk2"
"1089","Acvrl1"
"1090","Il11ra1"
"1091","Tbata"
"1092","Sdc1"
"1093","Abi3bp"
"1094","Mmp11"
"1095","Ptger3"
"1096","LOC105245925"
"1097","Hist1h1c"
"1098","Nrxn3"
"1099","Ly6g6e"
"1100","Trh"
"1101","Avpr1a"
"1102","Clic5"
"1103","Mndal"
"1104","Pln"
"1105","Foxp2"
"1106","Ly6d"
"1107","Gpr139"
"1108","Upb1"
"1109","H60b"
"1110","Krt17"
"1111","Acaa1b"
"1112","Col5a1"
"1113","Sptbn5"
"1114","Anxa4"
"1115","Llgl2"
"1116","LOC105246377"
"1117","Aspg"
"1118","LOC105242740"
"1119","Fancd2"
"1120","Gadd45a"
"1121","Sla"
"1122","Obscn"
"1123","Zfpm2"
"1124","Olfml2b"
"1125","Gng12"
"1126","A730090H04Rik"
"1127","Mgp"
"1128","Ifitm2"
"1129","Serpinb8"
"1130","2900055J20Rik"
"1131","Slc2a13"
"1132","Nxph4"
"1133","Myh3"
"1134","Pmfbp1"
"1135","Rai14"
"1136","Mapk13"
"1137","Mup5"
"1138","Defb1"
"1139","Lman1l"
"1140","Psd4"
"1141","3110079O15Rik"
"1142","5930412G12Rik"
"1143","6530403H02Rik"
"1144","Tnmd"
"1145","Tmem40"
"1146","Cpo"
"1147","Scn10a"
"1148","5730435O14Rik"
"1149","Fbxl7"
"1150","Lpar1"
"1151","Nfe2l3"
"1152","Olfr111"
"1153","Olfr110"
"1154","Itga5"
"1155","Grb7"
"1156","Fhl1"
"1157","P2ry12"
"1158","Serpinb11"
"1159","Rasgrp3"
"1160","Fgf16"
"1161","Ndrg1"
"1162","Irf8"
"1163","Tgfa"
"1164","Synpo2"
"1165","Tcf4"
"1166","Kynu"
"1167","Hsd17b2"
"1168","Nuggc"
"1169","LOC105243156"
"1170","Mup3"
"1171","Cd40"
"1172","Plaur"
"1173","Rgs5"
"1174","Tctex1d1"
"1175","Galm"
"1176","Pik3r5"
"1177","Lair1"
"1178","Gipr"
"1179","Cnksr3"
"1180","Stmn2"
"1181","Kif5c"
"1182","Thy1"
"1183","Gng2"
"1184","Elavl4"
"1185","Khdrbs3"
"1186","Arhgdig"
"1187","Clstn3"
"1188","Nmnat2"
"1189","AI413582"
"1190","Ly6e"
"1191","Gabrb2"
"1192","Chl1"
"1193","Elavl2"
"1194","Olfm2"
"1195","Bend6"
"1196","Adamts19"
"1197","Emp3"
"1198","G630016G05Rik"
"1199","Lgr5"
"1200","Matn2"
"1201","Bmp1"
"1202","Ncald"
"1203","Dlgap1"
"1204","Ogfrl1"
"1205","Ctnnd2"
"1206","Cadm1"
"1207","Omg"
"1208","Rbfox3"
"1209","Mef2c"
"1210","B230209E15Rik"
"1211","Slc12a5"
"1212","Ube2ql1"
"1213","Cntn1"
"1214","Trp73"
"1215","Lhx1os"
"1216","Lhx5"
"1217","Ebf3"
"1218","Nhlh2"
"1219","Cxcr4"
"1220","Cd274"
"1221","Rec114"
"1222","Dach1"
"1223","Igsf9"
"1224","Ankrd35"
"1225","Stmn1-rs1"
"1226","Fndc3b"
"1227","Fam196a"
"1228","Serpini1"
"1229","Rab3c"
"1230","Syt1"
"1231","Scg2"
"1232","Vstm2a"
"1233","Meg3"
"1234","Elmod1"
"1235","Atp1a3"
"1236","App"
"1237","Ralyl"
"1238","Resp18"
"1239","Stmn3"
"1240","Cplx1"
"1241","Prkar1b"
"1242","Map1b"
"1243","Chd3os"
"1244","Gng3"
"1245","Syp"
"1246","Bex2"
"1247","Asns"
"1248","Syngr3"
"1249","Tmem59l"
"1250","Uchl1"
"1251","Hpca"
"1252","Celf4"
"1253","Dnm1"
"1254","Stxbp1"
"1255","Pgrmc1"
"1256","Acot7"
"1257","Tmem130"
"1258","Sult4a1"
"1259","Tspyl4"
"1260","Tubb4a"
"1261","Apoe"
"1262","Slc1a3"
"1263","Atp1a2"
"1264","Mfge8"
"1265","Gpr37l1"
"1266","Gjb6"
"1267","S1pr1"
"1268","Gja1"
"1269","Gstm1"
"1270","Slco1c1"
"1271","F3"
"1272","Acsbg1"
"1273","Slc7a10"
"1274","S100a1"
"1275","S100a16"
"1276","Lcat"
"1277","Mertk"
"1278","Slc39a12"
"1279","Tlcd1"
"1280","Slc38a3"
"1281","Fgfr3"
"1282","Cmtm5"
"1283","Sox9"
"1284","Mlc1"
"1285","Sepp1"
"1286","Btbd17"
"1287","Hepacam"
"1288","Slc25a18"
"1289","Aqp4"
"1290","Timp4"
"1291","Fxyd1"
"1292","Tril"
"1293","Slc9a3r1"
"1294","Dbx2"
"1295","Plcd4"
"1296","Cbs"
"1297","Prodh"
"1298","Vcam1"
"1299","Ppp1r3c"
"1300","Slc15a2"
"1301","Cyp4f15"
"1302","Oaf"
"1303","Atp6v1g2"
"1304","Got1"
"1305","Napb"
"1306","Eno2"
"1307","Ckmt1"
"1308","Mllt11"
"1309","Prepl"
"1310","Gabrg2"
"1311","Syt4"
"1312","Chchd10"
"1313","Grin2b"
"1314","Nsg2"
"1315","Hprt"
"1316","Fabp3"
"1317","Sncb"
"1318","Nrsn1"
"1319","Ywhag"
"1320","Pacsin1"
"1321","Chgb"
"1322","Cend1"
"1323","Camk2b"
"1324","Tuba4a"
"1325","Rab6b"
"1326","Syn1"
"1327","Olig1"
"1328","Cd9"
"1329","Pdgfra"
"1330","Olig2"
"1331","Fabp7"
"1332","Gpr17"
"1333","Sox10"
"1334","Cspg4"
"1335","Neu4"
"1336","S100a13"
"1337","Ednrb"
"1338","Mfsd2a"
"1339","Kank1"
"1340","Tmem255b"
"1341","Zfp36l1"
"1342","Matn4"
"1343","Gjc3"
"1344","Bcas1"
"1345","Epas1"
"1346","Zfp488"
"1347","Nkx2-2"
"1348","Cd9-ps"
"1349","Caskin2"
"1350","Chst5"
"1351","Zcchc24"
"1352","Lims2"
"1353","Kcnj10"
"1354","Emid1"
"1355","Itpr2"
"1356","Adora2b"
"1357","Snhg11"
"1358","Tceal5"
"1359","Serp2"
"1360","Cxx1c"
"1361","Acot13"
"1362","Ghitm"
"1363","Rogdi"
"1364","Myt1l"
"1365","Pmm1"
"1366","Tubb3"
"1367","Ccnb1"
"1368","Ube2c"
"1369","Pbk"
"1370","Top2a"
"1371","Cdk1"
"1372","Casc5"
"1373","Kif2c"
"1374","Ttk"
"1375","Troap"
"1376","1190002F15Rik"
"1377","Cdc25c"
"1378","Cdca2"
"1379","Ticrr"
"1380","Ect2"
"1381","Plk1"
"1382","Nuf2"
"1383","Ckap2"
"1384","Kif20a"
"1385","Ckap2l"
"1386","Mis18bp1"
"1387","Cenpf"
"1388","Rlbp1"
"1389","Mki67"
"1390","Cdkn2c"
"1391","Cdc20"
"1392","Nusap1"
"1393","Kif11"
"1394","Knstrn"
"1395","Melk"
"1396","Arhgap11a"
"1397","Pdpn"
"1398","Caly"
"1399","Vsnl1"
"1400","Nsg1"
"1401","Ly6h"
"1402","Rgs7bp"
"1403","Syn2"
"1404","Mt3"
"1405","Tceal6"
"1406","Lppr4"
"1407","Cx3cl1"
"1408","Mag"
"1409","9630013A20Rik"
"1410","Ugt8a"
"1411","Enpp6"
"1412","Bfsp2"
"1413","Fa2h"
"1414","Cldn11"
"1415","Plxnb3"
"1416","Myrf"
"1417","Mog"
"1418","Trf"
"1419","1700047M11Rik"
"1420","Nkx6-2"
"1421","Dct"
"1422","Sgk2"
"1423","4930452G13Rik"
"1424","Chst3"
"1425","Folr2"
"1426","Cldn14"
"1427","Mir7049"
"1428","Mcam"
"1429","Tcf7l2"
"1430","Plp1"
"1431","Kif19a"
"1432","Car14"
"1433","Cyp27a1"
"1434","Brca1"
"1435","Alox5"
"1436","Btbd16"
"1437","St18"
"1438","Bcas1os2"
"1439","Ninj2"
"1440","Itgb7"
"1441","Prima1"
"1442","Cd82"
"1443","Rtn1"
"1444","Atp1b1"
"1445","Ndrg4"
"1446","Tubb2a"
"1447","Zcchc18"
"1448","Basp1"
"1449","Mobp"
"1450","Mal"
"1451","Opalin"
"1452","Csrp1"
"1453","Aspa"
"1454","Ppp1r14a"
"1455","Rhog"
"1456","Gpr37"
"1457","Litaf"
"1458","Gng11"
"1459","Evi2a"
"1460","Hapln2"
"1461","Tmem88b"
"1462","Tnfaip6"
"1463","Pla2g16"
"1464","Il33"
"1465","C030029H02Rik"
"1466","Gjb1"
"1467","Cercam"
"1468","Efhd1"
"1469","Ttyh2"
"1470","Tmem63a"
"1471","Tmem98"
"1472","Gpm6a"
"1473","Bex1"
"1474","Tagln3"
"1475","Tmem125"
"1476","Gjc2"
"1477","Adamts4"
"1478","Olfml1"
"1479","Cdc42ep1"
"1480","Insc"
"1481","Galnt6"
"1482","Tnni1"
"1483","Itih3"
"1484","Scg5"
"1485","Faim2"
"1486","Phyhipl"
"1487","Nrxn1"
"1488","Fez1"
"1489","Nap1l5"
"1490","Tceal3"
"1491","Anks1b"
"1492","Mapt"
"1493","2900011O08Rik"
"1494","Kif1a"
"1495","Dcn"
"1496","Ifitm3"
"1497","Serping1"
"1498","Bgn"
"1499","Pcolce"
"1500","Ogn"
"1501","S100a11"
"1502","Anxa1"
"1503","Ctsh"
"1504","Col1a2"
"1505","Rcn3"
"1506","Cfh"
"1507","Psmb9"
"1508","Gbp2"
"1509","Gstm2"
"1510","Ly6a"
"1511","Anxa3"
"1512","Fam180a"
"1513","Cyba"
"1514","AW112010"
"1515","Tgtp2"
"1516","Iigp1"
"1517","Foxc1"
"1518","Gjb2"
"1519","Ifi47"
"1520","Nid1"
"1521","Ccl5"
"1522","H2-Q6"
"1523","H2-Q7"
"1524","Eya2"
"1525","H2-Ab1"
"1526","H2-Aa"
"1527","Col1a1"
"1528","Cxcl10"
"1529","Tgtp1"
"1530","Sp110"
"1531","Gbp6"
"1532","Col3a1"
"1533","Zic4"
"1534","Bdh2"
"1535","Gbp4"
"1536","Ifitm1"
"1537","Omd"
"1538","Zic1"
"1539","Aplp1"
"1540","Syt11"
"1541","Clu"
"1542","Olfm1"
"1543","Enpp5"
"1544","Atp6v0e2"
"1545","Vtn"
"1546","Slc6a13"
"1547","Sparc"
"1548","Slc7a11"
"1549","Slc6a20a"
"1550","Igf2"
"1551","Slc22a6"
"1552","Aldh1a2"
"1553","Fmod"
"1554","Colec12"
"1555","Slc13a4"
"1556","Lum"
"1557","Cped1"
"1558","Prelp"
"1559","Fcgrt"
"1560","Txnip"
"1561","Olfml3"
"1562","Cpq"
"1563","Tcn2"
"1564","Slc13a3"
"1565","Gria2"
"1566","Kcnj13"
"1567","Slc22a8"
"1568","Crabp2"
"1569","Fgfbp1"
"1570","Asgr1"
"1571","Pdzk1ip1"
"1572","Slc6a12"
"1573","Spo11"
"1574","Hs3st6"
"1575","H2-Q1"
"1576","Insrr"
"1577","Foxc2"
"1578","Spp2"
"1579","LOC105244391"
"1580","Wnt6"
"1581","Cd79a"
"1582","Plscr2"
"1583","Msx1"
"1584","Vamp5"
"1585","Ranbp3l"
"1586","Cpe"
"1587","Sod3"
"1588","Cnn2"
"1589","Slc1a5"
"1590","Serpinh1"
"1591","Myl9"
"1592","Eva1b"
"1593","Kdelr3"
"1594","Cyp1b1"
"1595","Gpr182"
"1596","Klc1"
"1597","Atp6v1a"
"1598","1500011B03Rik"
"1599","Dclk1"
"1600","Gnao1"
"1601","Higd1b"
"1602","Atp13a5"
"1603","P2ry14"
"1604","Art3"
"1605","Tm4sf1"
"1606","Ndufa4l2"
"1607","Kcnj8"
"1608","Tagln2"
"1609","Pdgfrb"
"1610","Rarres2"
"1611","Cox4i2"
"1612","Abcc9"
"1613","Slc38a11"
"1614","Aspn"
"1615","Pla1a"
"1616","Itga1"
"1617","Enpep"
"1618","Gper1"
"1619","Atp2a3"
"1620","Ace2"
"1621","Rbpms"
"1622","Axl"
"1623","Vstm4"
"1624","Msn"
"1625","Crip1"
"1626","Ednra"
"1627","Hrct1"
"1628","Cgnl1"
"1629","Slc22a17"
"1630","Pfn2"
"1631","Dnm3"
"1632","Acta2"
"1633","Tagln"
"1634","Myh11"
"1635","Filip1l"
"1636","Vim"
"1637","Cav1"
"1638","Wtip"
"1639","Tinagl1"
"1640","Ptrf"
"1641","Des"
"1642","Phldb2"
"1643","Gja4"
"1644","Zfhx3"
"1645","Lmod1"
"1646","Mir143hg"
"1647","Snhg18"
"1648","Tspan7"
"1649","Rab3a"
"1650","Ly6c1"
"1651","Cldn5"
"1652","Slco1a4"
"1653","Flt1"
"1654","Eltd1"
"1655","Id1"
"1656","Pglyrp1"
"1657","Esam"
"1658","Wfdc1"
"1659","Ctla2a"
"1660","Srgn"
"1661","Abcb1a"
"1662","Tmem204"
"1663","Emcn"
"1664","Klf2"
"1665","Ptprb"
"1666","Gpr116"
"1667","Sox18"
"1668","Nostrin"
"1669","Lsr"
"1670","Fxyd5"
"1671","Tek"
"1672","Podxl"
"1673","Pecam1"
"1674","Ucp2"
"1675","Eng"
"1676","Ahnak"
"1677","Icam2"
"1678","Ocln"
"1679","Tecr"
"1680","Ldhb"
"1681","Tspan3"
"1682","Gkn3"
"1683","Sox17"
"1684","Gata2"
"1685","Ecscr"
"1686","Vwf"
"1687","Cytl1"
"1688","She"
"1689","Bmx"
"1690","Syt15"
"1691","Sema3g"
"1692","Mmrn2"
"1693","Mecom"
"1694","AU021092"
"1695","Ly6c2"
"1696","Tie1"
"1697","Cdh5"
"1698","Adcy4"
"1699","Hsp25-ps1"
"1700","Il2rg"
"1701","Cyyr1"
"1702","Ccm2l"
"1703","C1qb"
"1704","C1qc"
"1705","Pf4"
"1706","C1qa"
"1707","Fcer1g"
"1708","Mrc1"
"1709","Tyrobp"
"1710","Ctss"
"1711","Fcrls"
"1712","Fcgr3"
"1713","F13a1"
"1714","Csf1r"
"1715","Cbr2"
"1716","Ms4a7"
"1717","Stab1"
"1718","Ms4a4a"
"1719","Emr1"
"1720","Fcgr2b"
"1721","Laptm5"
"1722","Cd53"
"1723","Ms4a6d"
"1724","Ly86"
"1725","Clec4n"
"1726","Ms4a6b"
"1727","Rnase4"
"1728","Unc93b1"
"1729","Aif1"
"1730","Zfp36"
"1731","Clec4a3"
"1732","Ltc4s"
"1733","Clec4a2"
"1734","Hpgds"
"1735","Bst2"
"1736","Pld4"
"1737","Lyve1"
"1738","Ptpn18"
"1739","Ms4a6c"
"1740","Snap47"
"1741","Gabarapl1"
"1742","Selplg"
"1743","Cx3cr1"
"1744","Siglech"
"1745","Gpr34"
"1746","Tmem119"
"1747","4632428N05Rik"
"1748","P2ry13"
"1749","Lpcat2"
"1750","AF251705"
"1751","Crybb1"
"1752","Fyb"
"1753","Slco2b1"
"1754","Lyn"
"1755","Cyth4"
"1756","F11r"
"1757","Inpp5d"
"1758","Itga8"
"1759","Wipf3"
"1760","Cdh4"
"1761","Slc8a3"
"1762","Npas1"
"1763","Sorcs1"
"1764","Tbc1d8b"
"1765","LOC102643175"
"1766","Cacng5"
"1767","Tmem150c"
"1768","Stc1"
"1769","Spint2"
"1770","Kirrel3"
"1771","S100a10"
"1772","Zdhhc22"
"1773","Rwdd3"
"1774","Cachd1"
"1775","Cdh18"
"1776","Zfp618"
"1777","Ptprf"
"1778","Caln1"
"1779","Fat1"
"1780","Htr2a"
"1781","Tgfb2"
"1782","Nfia"
"1783","Sox1"
"1784","Adamts17"
"1785","Kcnj4"
"1786","Olfm3"
"1787","Teddm3"
"1788","Tmem196"
"1789","Zfp804b"
"1790","Pcdh18"
"1791","Galnt14"
"1792","Arhgap24"
"1793","Ildr2"
"1794","Cd63"
"1795","Ndst3"
"1796","Mafb"
"1797","Baiap2l2"
"1798","Oprm1"
"1799","Grin2a"
"1800","Kirrel"
"1801","Hist1h2be"
"1802","Gstm6"
"1803","Rgs12"
"1804","Pantr1"
"1805","Deptor"
"1806","Tmem91"
"1807","Adra1b"
"1808","Tm6sf1"
"1809","Fam210b"
"1810","Cntnap4"
"1811","Amot"
"1812","Zmat4"
"1813","Gria3"
"1814","Mpped1"
"1815","Ptchd1"
"1816","Csmd1"
"1817","B130024G19Rik"
"1818","Pbx3"
"1819","Cybrd1"
"1820","Mt2"
"1821","Nt5dc2"
"1822","Brinp3"
"1823","Rgs16"
"1824","Mir568"
"1825","Igsf21"
"1826","Galnt18"
"1827","Mgat5b"
"1828","Itpr1"
"1829","Kitl"
"1830","Srrm3"
"1831","Crh"
"1832","Hopx"
"1833","Nfkbiz"
"1834","Nupr1"
"1835","Nrgn"
"1836","Hapln1"
"1837","Jam2"
"1838","Kit"
"1839","Cap2"
"1840","Fam181b"
"1841","Adra1a"
"1842","Trpc5"
"1843","Dnah7b"
"1844","Cacng3"
"1845","Gpc6"
"1846","Nacc2"
"1847","Vstm2b"
"1848","Scx"
"1849","Sorl1"
"1850","Rasd2"
"1851","Cldn1"
"1852","Cd83"
"1853","Kcnh7"
"1854","Mapk4"
"1855","Mmd2"
"1856","Grm5"
"1857","Cacna2d1"
"1858","Edil3"
"1859","Fgf13"
"1860","Scn9a"
"1861","Hdac9"
"1862","Qpct"
"1863","Anxa2"
"1864","Mkx"
"1865","A330050F15Rik"
"1866","Ifit2"
"1867","Dgkb"
"1868","Klhl13"
"1869","Myh13"
"1870","Myh1"
"1871","Stard13"
"1872","Ccna1"
"1873","LOC102638110"
"1874","Camk4"
"1875","St8sia4"
"1876","Plch1"
"1877","Ngef"
"1878","Dpp10"
"1879","Ptpro"
"1880","Slc8a1"
"1881","Bche"
"1882","Adssl1"
"1883","Fam131c"
"1884","Lgi3"
"1885","A930029G22Rik"
"1886","Adm"
"1887","Cntnap5b"
"1888","Trps1"
"1889","Bcl2l11"
"1890","C730002L08Rik"
"1891","Egr2"
"1892","Palmd"
"1893","Dbpht2"
"1894","Tiam2"
"1895","Sox2ot"
"1896","Acvr1c"
"1897","Wnt10a"
"1898","Robo3"
"1899","Rab3b"
"1900","Prdm8"
"1901","Macc1"
"1902","Npw"
"1903","Mylk3"
"1904","Exph5"
"1905","Shisa3"
"1906","Prss22"
"1907","Inf2"
"1908","Tyro3"
"1909","LOC102633724"
"1910","Klhdc8a"
"1911","Cd72"
"1912","Btbd11"
"1913","Met"
"1914","Dysf"
"1915","Twist2"
"1916","Ucma"
"1917","Adamts2"
"1918","E030003E18Rik"
"1919","Aldh1a1"
"1920","Tekt5"
"1921","Prph"
"1922","Tle4"
"1923","Slit1"
"1924","Gdpd2"
"1925","Colgalt2"
"1926","Tmeff2"
"1927","A230077H06Rik"
"1928","Aldoc"
"1929","Nnmt"
"1930","Slc7a3"
"1931","Mcc"
"1932","Sorcs2"
"1933","Sema5a"
"1934","Gpd1"
"1935","Isoc1"
"1936","1810041L15Rik"
"1937","Vav2"
"1938","Hlf"
"1939","Pnp"
"1940","Npy1r"
"1941","Ipcef1"
"1942","Gstm7"
"1943","2900092D14Rik"
"1944","Robo1"
"1945","Pou3f3"
"1946","Lin28b"
"1947","Htr1a"
"1948","Slc30a10"
"1949","Intu"
"1950","C130030K03Rik"
"1951","Cntn3"
"1952","LOC105245305"
"1953","Fam184b"
"1954","Eps8"
"1955","Krtcap3"
"1956","Htra1"
"1957","Necab2"
"1958","Cav2"
"1959","Sstr1"
"1960","Kcnn2"
"1961","Pde4b"
"1962","Bcl6"
"1963","Zim1"
"1964","Rasl11b"
"1965","Ier5"
"1966","Frzb"
"1967","Phlda1"
"1968","Cntn4"
"1969","Ascl1"
"1970","Dcc"
"1971","Dscam"
"1972","Pawr"
"1973","Grk5"
"1974","Gsg1l"
"1975","Rassf3"
"1976","Bmp3"
"1977","Tshz1"
"1978","A230006K03Rik"
"1979","Gstt1"
"1980","Camk1g"
"1981","5033430I15Rik"
"1982","Mxra7"
"1983","Nkain3"
"1984","Elk3"
"1985","Mfsd4"
"1986","Mctp1"
"1987","Stxbp2"
"1988","Dennd2a"
"1989","Csmd3"
"1990","Ptprd"
"1991","Cntn5"
"1992","Pcdh9"
"1993","Plcxd2"
"1994","Tmie"
"1995","Hcn1"
"1996","Sytl5"
"1997","Ptpn20"
"1998","Slc24a3"
"1999","Synm"
"2000","Camk2a"
"2001","Gpr176"
"2002","Miat"
"2003","Npy"
"2004","Pcdh17"
"2005","Trpc3"
"2006","Tmem108"
"2007","1700001O22Rik"
"2008","Kcnab1"
"2009","Rasgef1c"
"2010","Wfs1"
"2011","Rasgrp2"
"2012","Abat"
"2013","Rnf128"
"2014","Fgf11"
"2015","Dapk2"
"2016","Fras1"
"2017","Lppr3"
"2018","1700001L19Rik"
"2019","Adra1d"
"2020","Lhfp"
"2021","Pgam2"
"2022","Gpr133"
"2023","Lxn"
"2024","Cmbl"
"2025","Kcnc1"
"2026","Ntng1"
"2027","Alox12b"
"2028","Dcdc2a"
"2029","Raver2"
"2030","Mmp9"
"2031","Lrrc9"
"2032","4833415N18Rik"
"2033","Acadl"
"2034","Ephb1"
"2035","Ephx2"
"2036","Stmn1-rs2"
"2037","Tmem132e"
"2038","Hrh1"
"2039","Cdh13"
"2040","Hs6st2"
"2041","Trib2"
"2042","Lor"
"2043","Tuba8"
"2044","Fgf18"
"2045","Kcng2"
"2046","Ell2"
"2047","Tmem132d"
"2048","Tnr"
"2049","Abcb1b"
"2050","Klhl4"
"2051","Myo3b"
"2052","Pdzrn4"
"2053","Sytl2"
"2054","Kcnn3"
"2055","Ptprr"
"2056","Il1rap"
"2057","Ifitm10"
"2058","Nyap2"
"2059","Kcnk2"
"2060","Kcnc4"
"2061","Rassf4"
"2062","4632428C04Rik"
"2063","Mlip"
"2064","Ptchd2"
"2065","Dock4"
"2066","Phlda3"
"2067","Klf3"
"2068","Spsb4"
"2069","Cpne5"
"2070","Afap1"
"2071","2010300C02Rik"
"2072","Slc35g2"
"2073","Metrnl"
"2074","Eepd1"
"2075","Mapk11"
"2076","Fgf9"
"2077","LOC105246694"
"2078","Rasal1"
"2079","Ier3"
"2080","Akap13"
"2081","Rnf207"
"2082","Serpinb9"
"2083","Fbxl21"
"2084","Smim3"
"2085","LOC102640573"
"2086","Gpr150"
"2087","Cables1"
"2088","Ddr2"
"2089","Ntrk3"
"2090","Prr5"
"2091","Dusp4"
"2092","Cald1"
"2093","Tspan33"
"2094","Gsta4"
"2095","5031426D15Rik"
"2096","Cnn3"
"2097","Gng7"
"2098","Pcsk1"
"2099","Ctsz"
"2100","Ubash3b"
"2101","Sox2"
"2102","Homer2"
"2103","9430020K01Rik"
"2104","Gabbr2"
"2105","6430548M08Rik"
"2106","Mycn"
"2107","Aard"
"2108","Gad1-ps"
"2109","Bhlhe22"
"2110","Bhlhe40"
"2111","Camk2d"
"2112","Unc5c"
"2113","Diras2"
"2114","Fam102b"
"2115","Islr2"
"2116","Hhatl"
"2117","Zbtb20"
"2118","A530058N18Rik"
"2119","Tcerg1l"
"2120","Icam5"
"2121","Dlx2"
"2122","Prkcg"
"2123","Lzts1"
"2124","Gng4"
"2125","LOC102638890"
"2126","Vip"
"2127","Sncg"
"2128","Strip2"
"2129","Me1"
"2130","Rap1gap2"
"2131","Sox8"
"2132","LOC105245295"
"2133","Sstr2"
"2134","Ppp1r14c"
"2135","Slc39a11"
"2136","Poc1a"
"2137","A730020E08Rik"
"2138","Cep112"
"2139","Plekha6"
"2140","Glra2"
"2141","Fgfr1"
"2142","Tppp3"
"2143","Hist1h2bc"
"2144","Kcnh3"
"2145","Fam69c"
"2146","Utrn"
"2147","Brinp2"
"2148","G0s2"
"2149","Ajap1"
"2150","Pdzd2"
"2151","Tnc"
"2152","1600029O15Rik"
"2153","Inadl"
"2154","Gpr153"
"2155","Nrp2"
"2156","Pag1"
"2157","LOC105243540"
"2158","Kcnd3os"
"2159","Fhad1"
"2160","St6gal1"
"2161","Paqr8"
"2162","6330416G13Rik"
"2163","Adra2c"
"2164","Chst12"
"2165","Dclre1b"
"2166","Zdbf2"
"2167","Plod2"
"2168","Decr1"
"2169","Ghr"
"2170","Mthfd1l"
"2171","Lrrc6"
"2172","Fmn1"
"2173","E130215H24Rik"
"2174","Sdsl"
"2175","Kcnk13"
"2176","6430571L13Rik"
"2177","BC089491"
"2178","Kcnj12"
"2179","Asap2"
"2180","Prkca"
"2181","D8Ertd82e"
"2182","Tmem35"
"2183","Tmem132b"
"2184","Arl4a"
"2185","Thbs3"
"2186","Fam163b"
"2187","Sertm1"
"2188","Gpr123"
"2189","Hunk"
"2190","Cntnap5c"
"2191","Tpd52"
"2192","Kcnip3"
"2193","Slc4a4"
"2194","Dusp5"
"2195","Fam43a"
"2196","Zbtb16"
"2197","Zeb2"
"2198","LOC102634887"
"2199","Pnp2"
"2200","Runx2"
"2201","Lrp1b"
"2202","LOC105247131"
"2203","Klhl1"
"2204","Iqgap2"
"2205","Chst1"
"2206","Rnd2"
"2207","LOC105245926"
"2208","Urah"
"2209","Fam19a5"
"2210","Drd5"
"2211","Camk2n1"
"2212","Gpr4"
"2213","9530026P05Rik"
"2214","Mal2"
"2215","Fam49a"
"2216","Gdpd5"
"2217","Tmod1"
"2218","Gnai1"
"2219","Tspan5"
"2220","Vgf"
"2221","Cobll1"
"2222","Pou6f2"
"2223","Cd200"
"2224","Gabra1"
"2225","Tsc22d4"
"2226","Daam2"
"2227","Eid1"
"2228","Afap1l2"
"2229","Mdk"
"2230","LOC105246959"
"2231","Selm"
"2232","Dync1i1"
"2233","Bnip3"
"2234","Kif21a"
"2235","Ccnb2"
"2236","Fgf12"
"2237","C1qtnf4"
"2238","Atp2b2"
"2239","Nsf"
"2240","Serpinb1a"
"2241","Anln"
"2242","Prr5l"
"2243","Tspan13"
"2244","Nipal4"
"2245","Gbp8"
"2246","Pltp"
"2247","Cox8b"
"2248","4930523C07Rik"
"2249","Tbx2"
"2250","Snx10"
"2251","Hspb2"
"2252","Itm2a"
"2253","Ccdc141"
"2254","Dll4"
"2255","Pcsk1n"
"2256","C3ar1"
"2257","Entpd1"
"2258","Adamts16"
"2259","C1qtnf2"
"2260","Tiparp"
"2261","Ptchd4"
"2262","Cacna1a"
"2263","Tiam1"
"2264","Pvrl1"
"2265","LOC105244000"
"2266","Fosl2"
"2267","Nr4a1"
"2268","Dusp6"
"2269","Pitpnm3"
"2270","Zfp804a"
"2271","Lamb1"
"2272","Lrrc55"
"2273","Abca1"
"2274","Tssk6"
"2275","2500002B13Rik"
"2276","Wisp1"
"2277","Hes1"
"2278","Stard10"
"2279","Gpr25"
"2280","Arhgef15"
"2281","Col19a1"
"2282","Ncaph"
"2283","Ptger4"
"2284","Ak4"
"2285","Snora30"
"2286","Nwd1"
"2287","Grin2c"
"2288","Atp13a4"
"2289","Ppp1r3g"
"2290","Gramd3"
"2291","Eva1a"
"2292","Dpyd"
"2293","Col11a2"
"2294","Pclo"
"2295","Mapk10"
"2296","Chga"
"2297","LOC105244487"
"2298","Sec14l5"
"2299","LOC105243044"
"2300","Plekhg3"
"2301","Lbp"
"2302","Foxd1"
"2303","C4b"
"2304","Aox3"
"2305","Mgst1"
"2306","Bmp6"
"2307","Tbx18"
"2308","Itih2"
"2309","Ecm2"
"2310","Ggt5"
"2311","Rasl12"
"2312","Lamb2"
"2313","Prom1"
"2314","Ly6i"
"2315","Eln"
"2316","Ccl24"
"2317","Cthrc1"
"2318","Pard6g"
"2319","Ptp4a3"
"2320","Igsf9b"
"2321","Acbd4"
"2322","Hrh2"
"2323","Nab2"
"2324","Klhl5"
"2325","2610100L16Rik"
"2326","Hip1"
"2327","Grid2"
"2328","Pycr1"
"2329","Grxcr2"
"2330","LOC105242594"
"2331","Tenm4"
"2332","Lhfpl3"
"2333","Cntn2"
"2334","Cd59a"
"2335","Lancl3"
"2336","Zeb1"
"2337","Crip2"
"2338","Pdzrn3"
"2339","Gadd45b"
"2340","Epha3"
"2341","Tnfrsf12a"
"2342","LOC105243198"
"2343","LOC432842"
"2344","Pde1b"
"2345","Kcnj3"
"2346","Gfpt2"
"2347","Enc1"
"2348","Traf6"
"2349","Qk"
"2350","Cdh11"
"2351","Gnb4"
"2352","Sema6d"
"2353","Serpina3n"
"2354","Hrh3"
"2355","Asic2"
"2356","Adam19"
"2357","Igfbp3"
"2358","Clstn2"
"2359","Kctd16"
"2360","Racgap1"
"2361","Ece1"
"2362","Numb"
"2363","Slco3a1"
"2364","Kazald1"
"2365","P4ha2"
"2366","Fam84a"
"2367","Mmp16"
"2368","Btbd3"
"2369","Smco3"
"2370","Gcnt2"
"2371","Inpp5j"
"2372","Akr1b10"
"2373","Kcnk3"
"2374","E530001K10Rik"
"2375","Slc5a5"
"2376","Fmnl1"
"2377","Prkce"
"2378","Rbms1"
"2379","Fat3"
"2380","Eno1b"
"2381","Cyp2j9"
"2382","Ptprn"
"2383","Chn1"
"2384","Smoc1"
"2385","Synj2"
"2386","Lhfpl5"
"2387","Gjd2"
"2388","Metrn"
"2389","LOC105246327"
"2390","Khdrbs2"
"2391","LOC105243280"
"2392","Dnajb5"
"2393","Cnp"
"2394","LOC105242595"
"2395","9530059O14Rik"
"2396","Lrrc75b"
"2397","2610318N02Rik"
"2398","Extl1"
"2399","Nudt7"
"2400","Mb21d2"
"2401","Col6a2"
"2402","Cdon"
"2403","Kcnj2"
"2404","Echdc2"
"2405","Ccnd1"
"2406","Tnfsf13b"
"2407","Gpr12"
"2408","Ramp2"
"2409","Emp2"
"2410","Wipi1"
"2411","Ephb6"
"2412","Doc2b"
"2413","Cd68"
"2414","Myo1e"
"2415","Shisa2"
"2416","Btg3"
"2417","Cd248"
"2418","LOC105244192"
"2419","Gnaz"
"2420","Mir99ahg"
"2421","LOC102635502"
"2422","Snx7"
"2423","Tmem178"
"2424","Tll1"
"2425","Oprd1"
"2426","Tgfb3"
"2427","Kcna1"
"2428","Mt1"
"2429","LOC105245978"
"2430","Pvt1"
"2431","Dok5"
"2432","Zfp57"
"2433","Nrep"
"2434","Zfp827"
"2435","Arid5b"
"2436","Pyurf"
"2437","Arhgap15"
"2438","Fkbp9"
"2439","Astn2"
"2440","4930447C04Rik"
"2441","Nrg3"
"2442","Adcy8"
"2443","Ankrd6"
"2444","Klf7"
"2445","Dscaml1"
"2446","Wbscr17"
"2447","Arhgef3"
"2448","Ier5l"
"2449","E230016M11Rik"
"2450","Garnl3"
"2451","LOC105246020"
"2452","Syt16"
"2453","Sik1"
"2454","Cyb561"
"2455","Cers6"
"2456","Thrb"
"2457","Brinp1"
"2458","Sgk1"
"2459","Kcnt2"
"2460","A330102I10Rik"
"2461","Srrm4"
"2462","Ctxn2"
"2463","Msrb2"
"2464","Sipa1l1"
"2465","6430573F11Rik"
"2466","Osbpl3"
"2467","2310067E19Rik"
"2468","Pde8b"
"2469","Dlgap2"
"2470","Mpdz"
"2471","Lmo4"
"2472","Golga7b"
"2473","Nmrk1"
"2474","Pak7"
"2475","Dock11"
"2476","Rab31"
"2477","Slc41a1"
"2478","Ethe1"
"2479","Cdc42ep3"
"2480","Unc5a"
"2481","Per3"
"2482","Rsph9"
"2483","Usp2"
"2484","Cda"
"2485","Limch1"
"2486","Asic1"
"2487","Mro"
"2488","Nfatc2"
"2489","Zfp575"
"2490","Abracl"
"2491","Psd3"
"2492","St8sia5"
"2493","Lrrtm3"
"2494","Lrrtm4"
"2495","A730017C20Rik"
"2496","Sptssb"
"2497","Eva1c"
"2498","Dpysl3"
"2499","Mcm6"
"2500","Zdhhc23"
"2501","Larp1b"
"2502","A830011K09Rik"
"2503","Pstpip2"
"2504","Chst15"
"2505","Pcbd1"
"2506","BC048546"
"2507","Mast3"
"2508","Ndrg2"
"2509","Glt8d2"
"2510","Cdk18"
"2511","Bai2"
"2512","Socs2"
"2513","6530411M01Rik"
"2514","Lats2"
"2515","Sgcz"
"2516","Fam171a1"
"2517","Pde7b"
"2518","Sel1l3"
"2519","2900079G21Rik"
"2520","D030068K23Rik"
"2521","Napepld"
"2522","Sipa1l2"
"2523","F730043M19Rik"
"2524","Snrpn"
"2525","Igsf10"
"2526","Fzd1"
"2527","Ap3b1"
"2528","Wscd1"
"2529","Triqk"
"2530","Hmgn5"
"2531","Ripply2"
"2532","Hs6st3"
"2533","Vrk1"
"2534","Kcna3"
"2535","Spats2l"
"2536","Slc35f1"
"2537","Rilpl1"
"2538","Ccnd2"
"2539","Nr3c2"
"2540","Pnpo"
"2541","Bean1"
"2542","Lhpp"
"2543","Sowaha"
"2544","Rgs3"
"2545","Dusp1"
"2546","Stx1a"
"2547","4930447M23Rik"
"2548","Dcx"
"2549","C230057M02Rik"
"2550","Zdhhc14"
"2551","Plxna2"
"2552","Rara"
"2553","Dlg1"
"2554","Cbfa2t3"
"2555","Egfl7"
"2556","St6gal2"
"2557","Mkrn3"
"2558","Plxnc1"
"2559","B3galt2"
"2560","Cygb"
"2561","Acrbp"
"2562","Gabrg3"
"2563","Sorbs2"
"2564","Trip10"
"2565","Cth"
"2566","Kcnab3"
"2567","Krt9"
"2568","Cdh2"
"2569","Hapln4"
"2570","Ass1"
"2571","Tubb2b"
"2572","Dleu7"
"2573","Sertad1"
"2574","Inhba"
"2575","Srpx2"
"2576","Tmtc2"
"2577","Tspan17"
"2578","1110032F04Rik"
"2579","Cdh22"
"2580","Hsdl2"
"2581","D830030K20Rik"
"2582","Mdm1"
"2583","Tanc1"
"2584","Ets1"
"2585","Nlgn1"
"2586","Grhl3"
"2587","Ppcs"
"2588","4930430F08Rik"
"2589","Mcat"
"2590","Efnb2"
"2591","Chid1"
"2592","Smc2"
"2593","Them6"
"2594","Manba"
"2595","Cxxc5"
"2596","Hexb"
"2597","Cd55"
"2598","Ano5"
"2599","Net1"
"2600","Anxa6"
"2601","2310030G06Rik"
"2602","Cmpk2"
"2603","Sesn1"
"2604","9630033F20Rik"
"2605","Abcd2"
"2606","S1pr3"
"2607","Spry2"
"2608","Fos"
"2609","Frmd6"
"2610","LOC100861615"
"2611","Spc25"
"2612","Cast"
"2613","Jun"
"2614","Nexn"
"2615","Tmem53"
"2616","Acadm"
"2617","Cdyl"
"2618","Il18"
"2619","Calca"
"2620","1700019D03Rik"
"2621","Tmem218"
"2622","Myh14"
"2623","Pth1r"
"2624","Alox8"
"2625","Tspan9"
"2626","Abhd3"
"2627","Hsbp1l1"
"2628","Lama3"
"2629","Smtn"
"2630","Asb2"
"2631","Cacna1g"
"2632","2010001A14Rik"
"2633","Mypn"
"2634","Syde1"
"2635","Mitf"
"2636","Sphk1"
"2637","Btn2a2"
"2638","Myo5b"
"2639","LOC102238518"
"2640","Slc25a13"
"2641","Impa2"
"2642","Hbegf"
"2643","Zfp385a"
"2644","Lbh"
"2645","Edn1"
"2646","Tbc1d4"
"2647","Ciart"
"2648","Spsb2"
"2649","Il4ra"
"2650","Ldlrad4"
"2651","LOC102634072"
"2652","Sox11"
"2653","Pparg"
"2654","Smpdl3a"
"2655","LOC102639456"
"2656","Apeh"
"2657","Grm4"
"2658","P2rx4"
"2659","Epb4.1"
"2660","As3mt"
"2661","Sema4a"
"2662","Fam132a"
"2663","Ccdc88c"
"2664","Mmgt2"
"2665","Fam126a"
"2666","Kcnq4"
"2667","Gsn"
"2668","Swap70"
"2669","Lrrc4"
"2670","Bmp2"
"2671","Fam124a"
"2672","Spag6"
"2673","Rhbdl3"
"2674","Ankrd34b"
"2675","A230070E04Rik"
"2676","Zhx2"
"2677","Stat4"
"2678","Esr1"
"2679","Inhbb"
"2680","Amz1"
"2681","Vav3"
"2682","Ltk"
"2683","Ctnna1"
"2684","B3gnt2"
"2685","Amotl1"
"2686","Rab42"
"2687","Pde9a"
"2688","Nt5c1a"
"2689","Rarb"
"2690","Eif4ebp1"
"2691","Sgpp2"
"2692","Tmem74"
"2693","Inppl1"
"2694","Tgfbr2"
"2695","Nt5e"
"2696","Zar1l"
"2697","LOC102641120"
"2698","Spata2l"
"2699","Fah"
"2700","Chrm1"
"2701","Fkbp11"
"2702","Galk1"
"2703","Rnf152"
"2704","Map2k6"
"2705","Cdkl5"
"2706","LOC105246093"
"2707","Golim4"
"2708","March11"
"2709","Sash1"
"2710","Etv5"
"2711","Ttc39b"
"2712","Pgm1"
"2713","Vegfc"
"2714","Sh3rf3"
"2715","Etv6"
"2716","Kcnh1"
"2717","Ccdc74a"
"2718","4933412E12Rik"
"2719","Fnip2"
"2720","Armcx6"
"2721","Slc35f4"
"2722","Kcnd3"
"2723","Entpd2"
"2724","Scn3b"
"2725","LOC102640933"
"2726","Ankrd34c"
"2727","Orai2"
"2728","Dact1"
"2729","Rnd1"
"2730","Map3k1"
"2731","Siah3"
"2732","Ppfibp1"
"2733","Ddah2"
"2734","Cdr2"
"2735","Spata1"
"2736","Usp6nl"
"2737","Sh3gl3"
"2738","Maob"
"2739","Adcyap1r1"
"2740","LOC105243924"
"2741","Mir344i"
"2742","Cdh10"
"2743","Cacna1i"
"2744","Sowahb"
"2745","F2r"
"2746","1700017B05Rik"
"2747","Kcnb2"
"2748","2900026A02Rik"
"2749","Erich3"
"2750","Igtp"
"2751","Ahr"
"2752","Dsel"
"2753","Trpv6"
"2754","Zcchc16"
"2755","D030054H15Rik"
"2756","Nkain1"
"2757","Padi2"
"2758","9230114K14Rik"
"2759","Hebp2"
"2760","Cyp7b1"
"2761","LOC105242543"
"2762","Slc16a14"
"2763","Jup"
"2764","Plin2"
"2765","Hmox1"
"2766","Apool"
"2767","Axin2"
"2768","Slitrk1"
"2769","Gpsm2"
"2770","Nrip2"
"2771","Pitpnc1"
"2772","Sema6c"
"2773","Efnb3"
"2774","Sgcd"
"2775","Fads6"
"2776","Smad9"
"2777","Gpr161"
"2778","Ptpn3"
"2779","Hebp1"
"2780","Slc6a7"
"2781","Fam189a2"
"2782","Figf"
"2783","Tmtc1"
"2784","Hap1"
"2785","Ptprg"
"2786","Doc2a"
"2787","Epha7"
"2788","Tgfbr1"
"2789","Tgfb1i1"
"2790","Tmem158"
"2791","Dlx6"
"2792","Cib2"
"2793","Sntg2"
"2794","B3galt1"
"2795","Nkain2"
"2796","Cbfb"
"2797","Kif26b"
"2798","Nipsnap3b"
"2799","Cgref1"
"2800","1500009L16Rik"
"2801","Cxxc4"
"2802","Ubtd1"
"2803","Cdk19"
"2804","Bend5"
"2805","Tmem117"
"2806","Cdk14"
"2807","Gpr158"
"2808","Sec24d"
"2809","Ankrd44"
"2810","Maml3"
"2811","Stard9"
"2812","LOC105244051"
"2813","Tmeff1"
"2814","D130043K22Rik"
"2815","Fam26e"
"2816","LOC105245826"
"2817","Asah2"
"2818","Arhgap31"
"2819","C630043F03Rik"
"2820","LOC105244637"
"2821","Itpk1"
"2822","Lrrc16a"
"2823","Csmd2"
"2824","Galnt13"
"2825","Unc13b"
"2826","Elovl7"
"2827","5031439G07Rik"
"2828","Sdc2"
"2829","A330040F15Rik"
"2830","Sh3bgrl2"
"2831","Sema7a"
"2832","Dll3"
"2833","Doc2g"
"2834","Ly96"
"2835","Rab27a"
"2836","Itgav"
"2837","Sfmbt2"
"2838","Kcns1"
"2839","Aifm3"
"2840","Gpr56"
"2841","Creg2"
"2842","Bhlhe41"
"2843","Mcur1"
"2844","Akap12"
"2845","Adamts6"
"2846","Lrrk2"
"2847","Aff2"
"2848","Fam149a"
"2849","Sptb"
"2850","Ikzf2"
"2851","Lgi2"
"2852","Cyp2j6"
"2853","Ttc39a"
"2854","Pid1"
"2855","Kazn"
"2856","Psat1"
"2857","Nav1"
"2858","Slc41a3"
"2859","Shroom3"
"2860","Csrnp1"
"2861","Gpr3"
"2862","Npas4"
"2863","Cbr3"
"2864","Zfp811"
"2865","Thap3"
"2866","Paqr7"
"2867","Slc23a3"
"2868","Plekha4"
"2869","Etnk2"
"2870","Lynx1"
"2871","Lrrtm2"
"2872","Trim66"
"2873","Zfp825"
"2874","Otud7b"
"2875","4930447N08Rik"
"2876","Apoh"
"2877","Tmem114"
"2878","Acot5"
"2879","Pkp2"
"2880","Ube2l6"
"2881","Abcc4"
"2882","Col6a4"
"2883","2010320O07Rik"
"2884","Nhsl1"
"2885","Cenpu"
"2886","Rsph1"
"2887","Marcksl1-ps3"
"2888","Cd52"
"2889","Serinc2"
"2890","Retn"
"2891","Epor"
"2892","Ctsk"
"2893","Aloxe3"
"2894","Hfe2"
"2895","Hkdc1"
"2896","Bok"
"2897","Dynlrb2"
"2898","Xkr6"
"2899","LOC105246514"
"2900","Il12a"
"2901","LOC102637959"
"2902","Mir135a-2"
"2903","Otop2"
"2904","LOC105245718"
"2905","LOC105244450"
"2906","LOC105244137"
"2907","Plk5"
"2908","Gadd45g"
"2909","Tmco5"
"2910","Ak3l2-ps"
"2911","Tnfaip8l1"
"2912","Scnn1a"
"2913","LOC102634300"
"2914","Boc"
"2915","Wnt9a"
"2916","Mei1"
"2917","LOC100861727"
"2918","Asb11"
"2919","Hr"
"2920","C77080"
"2921","Evc2"
"2922","Gnal"
"2923","Ryr1"
"2924","Peak1"
"2925","Prex1"
"2926","Bglap3"
"2927","Lamc2"
"2928","Nr4a3"
"2929","Kctd1"
"2930","Npl"
"2931","Dusp18"
"2932","Rin1"
"2933","Adamts5"
"2934","Slc16a2"
"2935","Dpp4"
"2936","Il17ra"
"2937","Btg2"
"2938","Abhd2"
"2939","Efcab1"
"2940","Slc22a4"
"2941","Adam33"
"2942","Dpy19l3"
"2943","Postn"
"2944","Snx25"
"2945","Ptgs2os"
"2946","Lemd1"
"2947","Tspan11"
"2948","Rgs13"
"2949","Ccdc42"
"2950","Lat2"
"2951","Dmrtb1"
"2952","Pik3r6"
"2953","Trpc7"
"2954","Tmem232"
"2955","Mir132"
"2956","A630023P12Rik"
"2957","Palm3"
"2958","8030453O22Rik"
"2959","Zfp296"
"2960","BC061194"
"2961","Theg"
"2962","Usp27x"
"2963","Htra4"
"2964","Susd2"
"2965","Adamts18"
"2966","Islr"
"2967","Cwh43"
"2968","Pdia5"
"2969","Spsb1"
"2970","Tle1"
"2971","Dlc1"
"2972","Phf21b"
"2973","Acot1"
"2974","C1ra"
"2975","Foxo6"
"2976","Dnah14"
"2977","LOC105244162"
"2978","2010204K13Rik"
"2979","Baalc"
"2980","2510009E07Rik"
"2981","LOC105243177"
"2982","Lepr"
"2983","Adam18"
"2984","Prkg1"
"2985","LOC100503338"
"2986","Hspa2"
"2987","Cacna1h"
"2988","Igf2bp2"
"2989","Scara3"
"2990","Nptxr"
"2991","Cox7a1"
"2992","L3mbtl4"
"2993","1700034G24Rik"
"2994","Dnah9"
"2995","C7"
"2996","Fbxo47"
"2997","Spata19"
"2998","Acy3"
"2999","Rell1"
"3000","Tmem37"
"3001","Adamts13"
"3002","Lipg"
"3003","LOC102635707"
"3004","Ccbe1"
"3005","Kiss1"
"3006","Ankrd63"
"3007","H2-DMa"
"3008","Dclk3"
"3009","LOC105244904"
"3010","Zfp831"
"3011","Kcnh4"
"3012","Ephx1"
"3013","Spag5"
"3014","Dact2"
"3015","Tmem243"
"3016","H2-D1"
"3017","Gpr115"
"3018","Slc24a4"
"3019","Hrk"
"3020","LOC105244060"
"3021","Slc7a14"
"3022","Chst2"
"3023","Pmaip1"
"3024","LOC105242908"
"3025","Fbxo10"
"3026","Rftn1"
"3027","LOC105245598"
"3028","1700001L05Rik"
"3029","Epb4.1l2"
"3030","Zfp608"
"3031","Ppfibp2"
"3032","Copz2"
"3033","Smad3"
"3034","Lacc1"
"3035","Shroom2"
"3036","Vwa1"
"3037","Tmem145"
"3038","Gpc5"
"3039","Lhfpl2"
"3040","Slc29a4"
"3041","Tmem144"
"3042","Cstad"
"3043","Skap2"
"3044","Efna1"
"3045","LOC102640042"
"3046","Acer2"
"3047","LOC105246787"
"3048","Slc9b2"
"3049","Jsrp1"
"3050","Fam183b"
"3051","1700016K19Rik"
"3052","LOC102640985"
"3053","Prox2"
"3054","Plcb4"
"3055","2310040G24Rik"
"3056","Itga7"
"3057","Coro1c"
"3058","Onecut2"
"3059","Fam101b"
"3060","5031414D18Rik"
"3061","AU022754"
"3062","2810404M03Rik"
"3063","Zfp462"
"3064","Cd302"
"3065","Yap1"
"3066","Sstr4"
"3067","Ntsr1"
"3068","Tnnt2"
"3069","Rnf39"
"3070","Herc6"
"3071","Rims3"
"3072","LOC100503142"
"3073","Nrn1l"
"3074","Rhoc"
"3075","Sh3bp4"
"3076","Cd6"
"3077","Gcnt4"
"3078","Krt77"
"3079","Zfp189"
"3080","LOC105242741"
"3081","Nkd1"
"3082","Vat1"
"3083","Plekhh2"
"3084","Ppfia4"
"3085","Aldh1l1"
"3086","Ocm"
"3087","Sec16b"
"3088","Dnah10"
"3089","Fam92b"
"3090","Naa11"
"3091","Cdkn1c"
"3092","LOC105246359"
"3093","Cd200r1"
"3094","LOC102638195"
"3095","LOC105243891"
"3096","Olfr316"
"3097","Bank1"
"3098","LOC105246832"
"3099","Scd1"
"3100","N4bp3"
"3101","Rab34"
"3102","Psrc1"
"3103","Rem2"
"3104","LOC102635783"
"3105","LOC102642041"
"3106","Slc13a5"
"3107","Rreb1"
"3108","Cd59b"
"3109","A330008L17Rik"
"3110","Cela1"
"3111","Tspan4"
"3112","Cflar"
"3113","Rin2"
"3114","Hs3st5"
"3115","Prtn3"
"3116","Kcnh5"
"3117","Lrch1"
"3118","Efcab13"
"3119","Scp2-ps2"
"3120","Disc1"
"3121","Itpkb"
"3122","Ldlr"
"3123","Ninj1"
"3124","Prss16"
"3125","Rab39"
"3126","C130026L21Rik"
"3127","Actn2"
"3128","Ank1"
"3129","Efemp2"
"3130","Xaf1"
"3131","Kiss1r"
"3132","Adcy7"
"3133","Rasa4"
"3134","Atp8b1"
"3135","Wnt2"
"3136","Steap2"
"3137","Cpxm2"
"3138","Neb"
"3139","Fbln1"
"3140","Prrg1"
"3141","2900041M22Rik"
"3142","Gpr52"
"3143","Hes5"
"3144","3110007F17Rik"
"3145","Vrk2"
"3146","Cldn23"
"3147","Anxa11"
"3148","Thbd"
"3149","A830021M18Rik"
"3150","Arhgap12"
"3151","A930012L18Rik"
"3152","Bicc1"
"3153","D16Ertd472e"
"3154","9430085M18Rik"
"3155","Anks1"
"3156","Cfap46"
"3157","Ace"
"3158","Cyp4x1"
"3159","Smim1"
"3160","Plb1"
"3161","Cd44"
"3162","Arhgdib"
"3163","Mfap4"
"3164","AI115009"
"3165","Itga11"
"3166","LOC105246577"
"3167","Srd5a1"
"3168","Pls1"
"3169","C2cd4b"
"3170","Kcnk4"
"3171","Tspan6"
"3172","Pts"
"3173","Cyb5r1"
"3174","Rai2"
"3175","B9d2"
"3176","Mmel1"
"3177","Tnfrsf19"
"3178","2810032G03Rik"
"3179","Grhl1"
"3180","9530091C08Rik"
"3181","LOC105244038"
"3182","Pdgfc"
"3183","Crhr1"
"3184","Pacsin2"
"3185","C130074G19Rik"
"3186","Arg2"
"3187","Scn3a"
"3188","Aldh1b1"
"3189","Ltbp3"
"3190","Sall2"
"3191","Alox5ap"
"3192","1700028P14Rik"
"3193","Relt"
"3194","Prickle3"
"3195","C2cd4c"
"3196","Mylip"
"3197","Kremen1"
"3198","Irak2"
"3199","Trpm3"
"3200","Enkur"
"3201","Ccnjl"
"3202","LOC105243525"
"3203","Sntb2"
"3204","Neu2"
"3205","Wdpcp"
"3206","Rnf144a"
"3207","Gse1"
"3208","LOC105242578"
"3209","Zfp941"
"3210","Ppm1m"
"3211","Parva"
"3212","S1pr5"
"3213","Mfap2"
"3214","Sept9"
"3215","Il10rb"
"3216","Chst11"
"3217","Elovl2"
"3218","Sh3d19"
"3219","Pmp22"
"3220","Samd14"
"3221","Tekt1"
"3222","LOC105246453"
"3223","Cdkn3"
"3224","3300002P13Rik"
"3225","Trmt2b"
"3226","Rnf182"
"3227","Zfp467"
"3228","Clmn"
"3229","Slc38a4"
"3230","Afmid"
"3231","Plekha7"
"3232","LOC105243544"
"3233","Mlf1"
"3234","Sipa1"
"3235","Psd2"
"3236","Sgsh"
"3237","Krt20"
"3238","P2rx7"
"3239","Shc4"
"3240","Tbc1d16"
"3241","Skap1"
"3242","2610034B18Rik"
"3243","B3galt5"
"3244","Cd74"
"3245","Zfp459"
"3246","Lrrc74b"
"3247","Dpysl5"
"3248","Snx8"
"3249","Fut10"
"3250","Agpat9"
"3251","A730056A06Rik"
"3252","Atf5"
"3253","Wdr66"
"3254","Lrrc10b"
"3255","B230206L02Rik"
"3256","1110054M08Rik"
"3257","Pcsk4"
"3258","4833422C13Rik"
"3259","LOC102636041"
"3260","Ctbp2"
"3261","Ldlrad3"
"3262","Ppp1r18"
"3263","Slc9a3r2"
"3264","LOC105246301"
"3265","LOC105244150"
"3266","Cdc42ep2"
"3267","Spns2"
"3268","Samd9l"
"3269","Bid"
"3270","Sept4"
"3271","Chrd"
"3272","Pwwp2b"
"3273","Proser2"
"3274","Stk32c"
"3275","Kcna4"
"3276","Ccdc122"
"3277","Rhobtb3"
"3278","Cfap45"
"3279","A630081J09Rik"
"3280","Rab3il1"
"3281","1810010H24Rik"
"3282","Xylt1"
"3283","Gpr26"
"3284","Mid1ip1"
"3285","Sh2d7"
"3286","Cacnb2"
"3287","Slc35f3"
"3288","Lrrc75a"
"3289","Col9a3"
"3290","Klhl25"
"3291","A830082K12Rik"
"3292","Tbc1d2"
"3293","LOC105244586"
"3294","LOC105244016"
"3295","LOC105244845"
"3296","LOC105246668"
"3297","9430038I01Rik"
"3298","Lsm11"
"3299","Plp2"
"3300","Zbtb46"
"3301","Hcn3"
"3302","Dleu2"
"3303","Tmem200c"
"3304","B930082K07Rik"
"3305","Clmp"
"3306","Ccdc171"
"3307","Rab26"
"3308","Plekhb1"
"3309","Trabd2b"
"3310","Rcan3"
"3311","Syt12"
"3312","Zfp703"
"3313","Ccdc138"
"3314","E2f1"
"3315","D630023F18Rik"
"3316","Hbq1b"
"3317","Hnmt"
"3318","Galnt10"
"3319","Cabp1"
"3320","LOC105242721"
"3321","Cyp2c52-ps"
"3322","Osbpl1a"
"3323","Syt13"
"3324","Scn2b"
"3325","AI593442"
"3326","Lin7b"
"3327","Auts2"
"3328","Mir3064"
"3329","Efhd2"
"3330","Phactr1"
"3331","Cacnb4"
"3332","Rit2"
"3333","Nap1l2"
"3334","B3galnt1"
"3335","Appl2"
"3336","Pak1"
"3337","Pgm2l1"
"3338","Rnf14"
"3339","Idh3a"
"3340","Mgst3"
"3341","Mbp"
"3342","Gatm"
"3343","Neat1"
"3344","Tspan15"
"3345","Gab1"
"3346","Arhgef10"
"3347","Rnf122"
"3348","Cxcl16"
"3349","Prrx2"
"3350","Tfpi"
"3351","Ncam1"
"3352","Strbp"
"3353","Ahi1"
"3354","Scg3"
"3355","Rras"
"3356","Slc2a1"
"3357","Abcg2"
"3358","Stmn1"
"3359","Phyhd1"
"3360","Ube2cbp"
"3361","Slc6a11"
"3362","Slc24a2"
"3363","Grip1"
"3364","Kcnh6"
"3365","Nrcam"
"3366","Aig1"
"3367","Slc27a1"
"3368","Marcks"
"3369","Ccl27a"
"3370","Ndrg3"
"3371","Usp35"
"3372","Zscan18"
"3373","Glt28d2"
"3374","Cdh24"
"3375","Lgals3bp"
"3376","Cuzd1"
"3377","Camkv"
"3378","Sept3"
"3379","Tmbim1"
"3380","Gjc1"
"3381","Col16a1"
"3382","Shb"
"3383","Incenp"
"3384","Trhr2"
"3385","Ptk7"
"3386","Tmem47"
"3387","Gstt2"
"3388","Tmem86a"
"3389","Rpph1"
"3390","Stxbp3a"
"3391","Mir129-1"
"3392","Grb10"
"3393","Tcte1"
"3394","D930048N14Rik"
"3395","Entpd3"
"3396","Etv4"
"3397","Fam53b"
"3398","Bmpr1b"
"3399","3632454L22Rik"
"3400","Npas2"
"3401","Arhgap22"
"3402","Nlrp6"
"3403","Kank4"
"3404","Abra"
"3405","0610040J01Rik"
"3406","LOC105243543"
"3407","Sema4g"
"3408","Hpcal4"
"3409","Sh3gl2"
"3410","Prkcb"
"3411","Slc4a10"
"3412","Ppp3ca"
"3413","Prnp"
"3414","Glrb"
"3415","Kdr"
"3416","Pfkp"
"3417","Limk1"
"3418","Cmya5"
"3419","Frmpd3"
"3420","Sec14l2"
"3421","Xkr7"
"3422","Sox4"
"3423","Fgf5"
"3424","Mapk3"
"3425","Mtcl1"
"3426","1110008P14Rik"
"3427","Nkiras1"
"3428","Ttc9b"
"3429","Scn1b"
"3430","Ppp3r1"
"3431","Phldb1"
"3432","Stmn4"
"3433","Ank3"
"3434","Palld"
"3435","Ank2"
"3436","Cotl1"
"3437","Arpc1b"
"3438","Mtss1"
"3439","Actl6b"
"3440","Dmtn"
"3441","Gpm6b"
"3442","Rtn4"
"3443","Atl1"
"3444","Npdc1"
"3445","Mid2"
"3446","Pxdn"
"3447","Mir344g"
"3448","H2-T22"
"3449","Zdhhc12"
"3450","Drc1"
"3451","Sh3pxd2b"
"3452","Plekho1"
"3453","Arhgap10"
"3454","5330434G04Rik"
"3455","Ctdspl"
"3456","Coro1a"
"3457","Kcnk1"
"3458","Celf2"
"3459","LOC105244249"
"3460","LOC105243853"
"3461","Sidt1"
"3462","Sntg1"
"3463","Trib1"
"3464","Cadm2"
"3465","Fscn1"
"3466","Shank1"
"3467","Pld3"
"3468","Fcor"
"3469","Epha10"
"3470","A930011G23Rik"
"3471","Anxa5"
"3472","Vldlr"
"3473","Eogt"
"3474","Stk26"
"3475","Dtx4"
"3476","A730090N16Rik"
"3477","Rassf8"
"3478","Itga9"
"3479","E130114P18Rik"
"3480","Slco5a1"
"3481","Tmem198b"
"3482","LOC105242586"
"3483","LOC105243914"
"3484","Trim17"
"3485","St3gal5"
"3486","Podn"
"3487","Ypel1"
"3488","Nbeal2"
"3489","Tnfaip3"
"3490","Klhdc8b"
"3491","Tcirg1"
"3492","Cyp11a1"
"3493","LOC102636700"
"3494","Ablim3"
"3495","Cnih2"
"3496","Fut9"
"3497","Nedd9"
"3498","LOC105246134"
"3499","Lamc1"
"3500","Fam49b"
"3501","Degs2"
"3502","Pafah1b3"
"3503","Vipr1"
"3504","Muc15"
"3505","Dchs1"
"3506","Aqp11"
"3507","St5"
"3508","Tusc3"
"3509","Mpeg1"
"3510","Spi1"
"3511","Hbq1a"
"3512","Lipa"
"3513","Snx9"
"3514","Ifih1"
"3515","Tsc22d1"
"3516","Kctd6"
"3517","Ngfrap1"
"3518","Gstm2-ps1"
"3519","Nat8"
"3520","Phkg1"
"3521","Sdc4"
"3522","Lfng"
"3523","C030018K13Rik"
"3524","Tst"
"3525","Fzd2"
"3526","LOC105245679"
"3527","LOC105245083"
"3528","Erbb3"
"3529","LOC105244608"
"3530","Zbp1"
"3531","Cxcl9"
"3532","F830016B08Rik"
"3533","Car13"
"3534","Gbp10"
"3535","Bnc2"
"3536","2310015B20Rik"
"3537","Six2"
"3538","Hmgcs2"
"3539","Notum"
"3540","LOC100861618"
"3541","Lama1"
"3542","Lamc3"
"3543","Col4a5"
"3544","Lrrk1"
"3545","Adap2"
"3546","Ano1"
"3547","Cysltr2"
"3548","Foxs1"
"3549","LOC105244119"
"3550","Ggt1"
"3551","Anpep"
"3552","Tbx3"
"3553","Myom1"
"3554","Rbpms2"
"3555","Ebf1"
"3556","Mrvi1"
"3557","Kcnmb1"
"3558","Gpr20"
"3559","Heyl"
"3560","Cnn1"
"3561","Aoc3"
"3562","Olfr558"
"3563","Map3k7cl"
"3564","LOC105246387"
"3565","LOC102636037"
"3566","Lef1"
"3567","Slc38a5"
"3568","Grap"
"3569","Klf4"
"3570","Sp100"
"3571","Slfn5"
"3572","Tmem106a"
"3573","Msr1"
"3574","Cd14"
"3575","Cd48"
"3576","Cd36"
"3577","Hmha1"
"3578","Itgam"
"3579","Cd37"
"3580","Hsd17b12"
"3581","Lsamp"
"3582","Fam184a"
"3583","Prkcdbp"
"3584","Fam213a"
"3585","Ccdc136"
"3586","Atp9a"
"3587","Stau2"
"3588","2010107G23Rik"
"3589","H3f3a-ps2"
"3590","Hmgb1-ps4"
"3591","Arnt2"
"3592","Lrrtm1"
"3593","Gpr22"
"3594","H3f3c"
"3595","Scn1a"
"3596","Limd2"
"3597","Gpsm1"
"3598","LOC105244017"
"3599","Epha5"
"3600","Hivep2"
"3601","Mkl2"
"3602","Twsg1"
"3603","Snap91"
"3604","Ncdn"
"3605","Sh3bgrl3"
"3606","Mtfp1"
"3607","Pdlim7"
"3608","Sumo3"
"3609","Arhgef39"
"3610","Pnmal2"
"3611","Map2"
"3612","Fam171b"
"3613","Rundc3a"
"3614","Ndufv2"
"3615","Vamp2"
"3616","Psip1"
"3617","Sptbn1"
"3618","A930011O12Rik"
"3619","Plk2"
"3620","Gsto1"
"3621","Tank"
"3622","Gca"
"3623","Pak3"
"3624","Reps2"
"3625","Uchl1os"
"3626","Lpgat1"
"3627","Cacng2"
"3628","Mir703"
"3629","Gprasp1"
"3630","Erc2"
"3631","Sez6l2"
"3632","Cntnap2"
"3633","Spock2"
"3634","Sgip1"
"3635","Scoc"
"3636","Tfap2b"
"3637","Fabp5"
"3638","Lgals9"
"3639","Ptprs"
"3640","Rufy3"
"3641","Abi3"
"3642","Cadps"
"3643","Nkain4"
"3644","Ache"
"3645","Rab27b"
"3646","Gars"
"3647","Prkacb"
"3648","Pdp1"
"3649","Fbxw7"
"3650","Pcsk2"
"3651","Fam3c"
"3652","Ppp1r1a"
"3653","AI464131"
"3654","Pdlim4"
"3655","Cyp2d22"
"3656","Etnppl"
"3657","Chrdl1"
"3658","Gli3"
"3659","2900052N01Rik"
"3660","Mir6390"
"3661","Glns-ps1"
"3662","Sema3d"
"3663","Prc1"
"3664","Sgol2a"
"3665","Ntrk2"
"3666","Cspg5"
"3667","Kctd13"
"3668","Bin1"
"3669","Ttll7"
"3670","Tppp"
"3671","Rfx4"
"3672","Psmb8"
"3673","Ttyh1"
"3674","Syne1"
"3675","Arhgap29"
"3676","Alx3"
"3677","LOC102633322"
"3678","Slc2a4"
"3679","Gstm5"
"3680","Acsl3"
"3681","Flna"
"3682","Pls3"
"3683","Perp"
"3684","Hmgn3"
"3685","Dtna"
"3686","Vegfa"
"3687","Tpm4"
"3688","Slc6a6"
"3689","Lst1"
"3690","Msmo1"
"3691","Prdx6"
"3692","Rgs2"
"3693","Sv2a"
"3694","Necap1"
"3695","Slc6a17"
"3696","Apbb1"
"3697","Kif20b"
"3698","Nes"
"3699","Birc5"
"3700","Cenpe"
"3701","Nde1"
"3702","Nsl1"
"3703","Chek2"
"3704","Aurka"
"3705","Kif23"
"3706","Cdca8"
"3707","Ccna2"
"3708","Zfp36l2"
"3709","Cdo1"
"3710","Sdc3"
"3711","Ncan"
"3712","Spry1"
"3713","Rhbdl2"
"3714","Ddc"
"3715","5430435G22Rik"
"3716","Mx2"
"3717","Hhip"
"3718","Parvb"
"3719","LOC105243028"
"3720","Adamtsl4"
"3721","D7Ertd443e"
"3722","Casq2"
"3723","Notch3"
"3724","Tuba1c"
"3725","BC028528"
"3726","Arpc5l"
"3727","Plekhf1"
"3728","Deb1"
"3729","Ldlrap1"
"3730","Dbndd2"
"3731","Ccl19"
"3732","Snai1"
"3733","Col4a6"
"3734","BC051019"
"3735","Robo4"
"3736","Foxq1"
"3737","Ctla2b"
"3738","Mir150"
"3739","Cd86"
"3740","Cybb"
"3741","Cd84"
"3742","C5ar1"
"3743","Mgl2"
"3744","AI607873"
"3745","Fcna"
"3746","Ccl7"
"3747","Clec4a1"
"3748","Ccr1"
"3749","Aoah"
"3750","Lilrb4"
"3751","F630028O10Rik"
"3752","Rgs18"
"3753","Ccr5"
"3754","Susd3"
"3755","Bin2"
"3756","Bcl2a1b"
"3757","Fgd2"
"3758","Csf3r"
"3759","Cd33"
"3760","Tnfaip8l2"
"3761","Syngr1"
"3762","Nckap5"
"3763","Fhl3"
"3764","Pak4"
"3765","Pde8a"
"3766","Fth-ps3"
"3767","Plekhh1"
"3768","Pcolce2"
"3769","Tmem229a"
"3770","Hcn2"
"3771","Nmral1"
"3772","Mast4"
"3773","Jph4"
"3774","LOC102632415"
"3775","Plcb1"
"3776","Trio"
"3777","Slc1a1"
"3778","Sept5"
"3779","Mycl"
"3780","Traf4"
"3781","Dynlt1c"
"3782","D630045J12Rik"
"3783","Nrm"
"3784","Pde4d"
"3785","Casp3"
"3786","Frmd4a"
"3787","Tnfrsf21"
"3788","Cdh19"
"3789","Gng8"
"3790","Foxj1"
"3791","Abca8a"
"3792","Folh1"
"3793","Gpt"
"3794","Lpar6"
"3795","Xrcc3"
"3796","Hist1h4h"
"3797","Tesk2"
"3798","1190005I06Rik"
"3799","Slc19a3"
"3800","Hmcn1"
"3801","Ushbp1"
"3802","Smagp"
"3803","P2ry6"
"3804","Fcgr1"
"3805","Tmem173"
"3806","Cyp46a1"
"3807","Asph"
"3808","Trim59"
"3809","Gnb5"
"3810","Arhgef19"
"3811","Cdipt"
"3812","Vangl1"
"3813","Scrn1"
"3814","Rnf208"
"3815","Dera"
"3816","Nceh1"
"3817","Mgll"
"3818","Cbr1"
"3819","Hars"
"3820","Bccip"
"3821","Rnf146"
"3822","Dgat2"
"3823","Abhd16a"
"3824","Fbxo9"
"3825","Ctps"
"3826","Gsk3a"
"3827","Uchl5"
"3828","Chp1"
"3829","Mcfd2"
"3830","Tmod2"
"3831","Gpcpd1"
"3832","Cystm1"
"3833","Kif1b"
"3834","Cpm"
"3835","Aplp2"
"3836","Irgm2"
"3837","Map7d2"
"3838","C3"
"3839","Slc22a18"
"3840","Ifi27l2a"
"3841","Epsti1"
"3842","H2-DMb1"
"3843","Gbp3"
"3844","Timp1"
"3845","Ddx60"
"3846","Tnfsf10"
"3847","H2-Q4"
"3848","Apcdd1"
"3849","Trim12a"
"3850","2610035F20Rik"
"3851","Plscr1"
"3852","Ppic"
"3853","Tap1"
"3854","Alx4"
"3855","Sp140"
"3856","C1s1"
"3857","LOC105244011"
"3858","LOC102638773"
"3859","LOC102638891"
"3860","Pm20d1"
"3861","C2"
"3862","Fanci"
"3863","Pde4c"
"3864","Gucy1b3"
"3865","Apold1"
"3866","Dmd"
"3867","LOC105243532"
"3868","Myocd"
"3869","Ncf2"
"3870","Sh3bgr"
"3871","Fbxl22"
"3872","Zic3"
"3873","Rassf9"
"3874","Mir126a"
"3875","Sigirr"
"3876","Cd93"
"3877","Fli1"
"3878","Atp10a"
"3879","Foxd2os"
"3880","5430416O09Rik"
"3881","Tbx1"
"3882","Hhex"
"3883","Egfl8"
"3884","Alpl"
"3885","Rad54b"
"3886","LOC102638590"
"3887","Eps8l2"
"3888","Smad6"
"3889","Cd300a"
"3890","Tbxas1"
"3891","Dock8"
"3892","Ncf1"
"3893","Il1a"
"3894","LOC105245153"
"3895","Mlxipl"
"3896","Vav1"
"3897","Rragb"
"3898","Clec3b"
"3899","Pear1"
"3900","Slc7a2"
"3901","Pros1"
"3902","Lama2"
"3903","Pkig"
"3904","Snrpc"
"3905","Rtf1"
"3906","Cyr61"
"3907","Hmgn2"
"3908","Pea15a"
"3909","Psmd7"
"3910","Ctnnb1"
"3911","Asap3"
"3912","Nsa2-ps1"
"3913","Dcxr"
"3914","Arxes2"
"3915","Mpzl2"
"3916","Fgl2"
"3917","Col9a2"
"3918","Gas1"
"3919","Syne2"
"3920","Emp1"
"3921","Trim62"
"3922","Cpeb2"
"3923","Gpx8"
"3924","Slc40a1"
"3925","Gimap6"
"3926","Slc16a4"
"3927","Slc12a7"
"3928","Slc52a3"
"3929","Arhgap19"
"3930","Clec10a"
"3931","Lgmn"
"3932","Gstt3"
"3933","Trim25"
"3934","Tnfsf13os"
"3935","Cox6b2"
"3936","Prkcd"
"3937","Slc16a11"
"3938","Col5a2"
"3939","Steap3"
"3940","Ror1"
"3941","Renbp"
"3942","Col4a1"
"3943","Rhoj"
"3944","Serpind1"
"3945","Ehd2"
"3946","Foxf2"
"3947","Rhoh"
"3948","Enpp1"
"3949","Col13a1"
"3950","2700046A07Rik"
"3951","Mrc2"
"3952","Bmp4"
"3953","Mxra8"
"3954","Cd38"
"3955","Slc2a5"
"3956","Scn2a1"
"3957","Hic1"
"3958","Nr1h3"
"3959","Slc12a2"
"3960","Fyn"
"3961","Pbxip1"
"3962","Rcsd1"
"3963","Clec2d"
"3964","Elovl4"
"3965","Ppa1"
"3966","Ap1s2"
"3967","Uchl3"
"3968","Gria4"
"3969","Epdr1"
"3970","Map9"
"3971","Marveld1"
"3972","Tpm1"
"3973","Sorbs1"
"3974","Nfkbia"
"3975","Sgms1"
"3976","Kank3"
"3977","Wasf1"
"3978","Xdh"
"3979","Prkch"
"3980","Rab11fip1"
"3981","Snord35b"
"3982","Sox7"
"3983","Slc39a8"
"3984","Trim16"
"3985","Sf3b1"
"3986","Slc7a5"
"3987","Tax1bp1"
"3988","Psmb7"
"3989","Slc7a1"
"3990","Tfrc"
"3991","Ptgis"
"3992","Jag1"
"3993","5930403L14Rik"
"3994","Plcg2"
"3995","Cmip"
"3996","Ehd4"
"3997","Pla2g4a"
"3998","Sema3f"
"3999","Ptplad2"
"4000","Tslp"
"4001","Cd163"
"4002","Ifi203"
"4003","Ifi204"
"4004","Ccl2"
"4005","Mnda"
"4006","Tnf"
"4007","Lyz1"
"4008","Cd4"
"4009","Gngt2"
"4010","Lag3"
"4011","Gal3st4"
"4012","Soga1"
"4013","Ppcdc"
"4014","Gtf2h2"
"4015","Gfm2"
"4016","Dennd4a"
"4017","Skil"
"4018","Tjp1"
"4019","Nckap1"
"4020","R3hdm1"
